Date,Year,Month Number,Month Name,Month Short,Year-Month,Quarter,Year-Quarter,Week Number,Day,Day Name,Day Short,Is Weekend
2015-01-01,2015,1,January,Jan,2015-01,Q1,2015-Q1,1,1,Thursday,Thu,False
2015-01-02,2015,1,January,Jan,2015-01,Q1,2015-Q1,1,2,Friday,Fri,False
2015-01-03,2015,1,January,Jan,2015-01,Q1,2015-Q1,1,3,Saturday,Sat,True
2015-01-04,2015,1,January,Jan,2015-01,Q1,2015-Q1,1,4,Sunday,Sun,True
2015-01-05,2015,1,January,Jan,2015-01,Q1,2015-Q1,2,5,Monday,Mon,False
2015-01-06,2015,1,January,Jan,2015-01,Q1,2015-Q1,2,6,Tuesday,Tue,False
2015-01-07,2015,1,January,Jan,2015-01,Q1,2015-Q1,2,7,Wednesday,Wed,False
2015-01-08,2015,1,January,Jan,2015-01,Q1,2015-Q1,2,8,Thursday,Thu,False
2015-01-09,2015,1,January,Jan,2015-01,Q1,2015-Q1,2,9,Friday,Fri,False
2015-01-10,2015,1,January,Jan,2015-01,Q1,2015-Q1,2,10,Saturday,Sat,True
2015-01-11,2015,1,January,Jan,2015-01,Q1,2015-Q1,2,11,Sunday,Sun,True
2015-01-12,2015,1,January,Jan,2015-01,Q1,2015-Q1,3,12,Monday,Mon,False
2015-01-13,2015,1,January,Jan,2015-01,Q1,2015-Q1,3,13,Tuesday,Tue,False
2015-01-14,2015,1,January,Jan,2015-01,Q1,2015-Q1,3,14,Wednesday,Wed,False
2015-01-15,2015,1,January,Jan,2015-01,Q1,2015-Q1,3,15,Thursday,Thu,False
2015-01-16,2015,1,January,Jan,2015-01,Q1,2015-Q1,3,16,Friday,Fri,False
2015-01-17,2015,1,January,Jan,2015-01,Q1,2015-Q1,3,17,Saturday,Sat,True
2015-01-18,2015,1,January,Jan,2015-01,Q1,2015-Q1,3,18,Sunday,Sun,True
2015-01-19,2015,1,January,Jan,2015-01,Q1,2015-Q1,4,19,Monday,Mon,False
2015-01-20,2015,1,January,Jan,2015-01,Q1,2015-Q1,4,20,Tuesday,Tue,False
2015-01-21,2015,1,January,Jan,2015-01,Q1,2015-Q1,4,21,Wednesday,Wed,False
2015-01-22,2015,1,January,Jan,2015-01,Q1,2015-Q1,4,22,Thursday,Thu,False
2015-01-23,2015,1,January,Jan,2015-01,Q1,2015-Q1,4,23,Friday,Fri,False
2015-01-24,2015,1,January,Jan,2015-01,Q1,2015-Q1,4,24,Saturday,Sat,True
2015-01-25,2015,1,January,Jan,2015-01,Q1,2015-Q1,4,25,Sunday,Sun,True
2015-01-26,2015,1,January,Jan,2015-01,Q1,2015-Q1,5,26,Monday,Mon,False
2015-01-27,2015,1,January,Jan,2015-01,Q1,2015-Q1,5,27,Tuesday,Tue,False
2015-01-28,2015,1,January,Jan,2015-01,Q1,2015-Q1,5,28,Wednesday,Wed,False
2015-01-29,2015,1,January,Jan,2015-01,Q1,2015-Q1,5,29,Thursday,Thu,False
2015-01-30,2015,1,January,Jan,2015-01,Q1,2015-Q1,5,30,Friday,Fri,False
2015-01-31,2015,1,January,Jan,2015-01,Q1,2015-Q1,5,31,Saturday,Sat,True
2015-02-01,2015,2,February,Feb,2015-02,Q1,2015-Q1,5,1,Sunday,Sun,True
2015-02-02,2015,2,February,Feb,2015-02,Q1,2015-Q1,6,2,Monday,Mon,False
2015-02-03,2015,2,February,Feb,2015-02,Q1,2015-Q1,6,3,Tuesday,Tue,False
2015-02-04,2015,2,February,Feb,2015-02,Q1,2015-Q1,6,4,Wednesday,Wed,False
2015-02-05,2015,2,February,Feb,2015-02,Q1,2015-Q1,6,5,Thursday,Thu,False
2015-02-06,2015,2,February,Feb,2015-02,Q1,2015-Q1,6,6,Friday,Fri,False
2015-02-07,2015,2,February,Feb,2015-02,Q1,2015-Q1,6,7,Saturday,Sat,True
2015-02-08,2015,2,February,Feb,2015-02,Q1,2015-Q1,6,8,Sunday,Sun,True
2015-02-09,2015,2,February,Feb,2015-02,Q1,2015-Q1,7,9,Monday,Mon,False
2015-02-10,2015,2,February,Feb,2015-02,Q1,2015-Q1,7,10,Tuesday,Tue,False
2015-02-11,2015,2,February,Feb,2015-02,Q1,2015-Q1,7,11,Wednesday,Wed,False
2015-02-12,2015,2,February,Feb,2015-02,Q1,2015-Q1,7,12,Thursday,Thu,False
2015-02-13,2015,2,February,Feb,2015-02,Q1,2015-Q1,7,13,Friday,Fri,False
2015-02-14,2015,2,February,Feb,2015-02,Q1,2015-Q1,7,14,Saturday,Sat,True
2015-02-15,2015,2,February,Feb,2015-02,Q1,2015-Q1,7,15,Sunday,Sun,True
2015-02-16,2015,2,February,Feb,2015-02,Q1,2015-Q1,8,16,Monday,Mon,False
2015-02-17,2015,2,February,Feb,2015-02,Q1,2015-Q1,8,17,Tuesday,Tue,False
2015-02-18,2015,2,February,Feb,2015-02,Q1,2015-Q1,8,18,Wednesday,Wed,False
2015-02-19,2015,2,February,Feb,2015-02,Q1,2015-Q1,8,19,Thursday,Thu,False
2015-02-20,2015,2,February,Feb,2015-02,Q1,2015-Q1,8,20,Friday,Fri,False
2015-02-21,2015,2,February,Feb,2015-02,Q1,2015-Q1,8,21,Saturday,Sat,True
2015-02-22,2015,2,February,Feb,2015-02,Q1,2015-Q1,8,22,Sunday,Sun,True
2015-02-23,2015,2,February,Feb,2015-02,Q1,2015-Q1,9,23,Monday,Mon,False
2015-02-24,2015,2,February,Feb,2015-02,Q1,2015-Q1,9,24,Tuesday,Tue,False
2015-02-25,2015,2,February,Feb,2015-02,Q1,2015-Q1,9,25,Wednesday,Wed,False
2015-02-26,2015,2,February,Feb,2015-02,Q1,2015-Q1,9,26,Thursday,Thu,False
2015-02-27,2015,2,February,Feb,2015-02,Q1,2015-Q1,9,27,Friday,Fri,False
2015-02-28,2015,2,February,Feb,2015-02,Q1,2015-Q1,9,28,Saturday,Sat,True
2015-03-01,2015,3,March,Mar,2015-03,Q1,2015-Q1,9,1,Sunday,Sun,True
2015-03-02,2015,3,March,Mar,2015-03,Q1,2015-Q1,10,2,Monday,Mon,False
2015-03-03,2015,3,March,Mar,2015-03,Q1,2015-Q1,10,3,Tuesday,Tue,False
2015-03-04,2015,3,March,Mar,2015-03,Q1,2015-Q1,10,4,Wednesday,Wed,False
2015-03-05,2015,3,March,Mar,2015-03,Q1,2015-Q1,10,5,Thursday,Thu,False
2015-03-06,2015,3,March,Mar,2015-03,Q1,2015-Q1,10,6,Friday,Fri,False
2015-03-07,2015,3,March,Mar,2015-03,Q1,2015-Q1,10,7,Saturday,Sat,True
2015-03-08,2015,3,March,Mar,2015-03,Q1,2015-Q1,10,8,Sunday,Sun,True
2015-03-09,2015,3,March,Mar,2015-03,Q1,2015-Q1,11,9,Monday,Mon,False
2015-03-10,2015,3,March,Mar,2015-03,Q1,2015-Q1,11,10,Tuesday,Tue,False
2015-03-11,2015,3,March,Mar,2015-03,Q1,2015-Q1,11,11,Wednesday,Wed,False
2015-03-12,2015,3,March,Mar,2015-03,Q1,2015-Q1,11,12,Thursday,Thu,False
2015-03-13,2015,3,March,Mar,2015-03,Q1,2015-Q1,11,13,Friday,Fri,False
2015-03-14,2015,3,March,Mar,2015-03,Q1,2015-Q1,11,14,Saturday,Sat,True
2015-03-15,2015,3,March,Mar,2015-03,Q1,2015-Q1,11,15,Sunday,Sun,True
2015-03-16,2015,3,March,Mar,2015-03,Q1,2015-Q1,12,16,Monday,Mon,False
2015-03-17,2015,3,March,Mar,2015-03,Q1,2015-Q1,12,17,Tuesday,Tue,False
2015-03-18,2015,3,March,Mar,2015-03,Q1,2015-Q1,12,18,Wednesday,Wed,False
2015-03-19,2015,3,March,Mar,2015-03,Q1,2015-Q1,12,19,Thursday,Thu,False
2015-03-20,2015,3,March,Mar,2015-03,Q1,2015-Q1,12,20,Friday,Fri,False
2015-03-21,2015,3,March,Mar,2015-03,Q1,2015-Q1,12,21,Saturday,Sat,True
2015-03-22,2015,3,March,Mar,2015-03,Q1,2015-Q1,12,22,Sunday,Sun,True
2015-03-23,2015,3,March,Mar,2015-03,Q1,2015-Q1,13,23,Monday,Mon,False
2015-03-24,2015,3,March,Mar,2015-03,Q1,2015-Q1,13,24,Tuesday,Tue,False
2015-03-25,2015,3,March,Mar,2015-03,Q1,2015-Q1,13,25,Wednesday,Wed,False
2015-03-26,2015,3,March,Mar,2015-03,Q1,2015-Q1,13,26,Thursday,Thu,False
2015-03-27,2015,3,March,Mar,2015-03,Q1,2015-Q1,13,27,Friday,Fri,False
2015-03-28,2015,3,March,Mar,2015-03,Q1,2015-Q1,13,28,Saturday,Sat,True
2015-03-29,2015,3,March,Mar,2015-03,Q1,2015-Q1,13,29,Sunday,Sun,True
2015-03-30,2015,3,March,Mar,2015-03,Q1,2015-Q1,14,30,Monday,Mon,False
2015-03-31,2015,3,March,Mar,2015-03,Q1,2015-Q1,14,31,Tuesday,Tue,False
2015-04-01,2015,4,April,Apr,2015-04,Q2,2015-Q2,14,1,Wednesday,Wed,False
2015-04-02,2015,4,April,Apr,2015-04,Q2,2015-Q2,14,2,Thursday,Thu,False
2015-04-03,2015,4,April,Apr,2015-04,Q2,2015-Q2,14,3,Friday,Fri,False
2015-04-04,2015,4,April,Apr,2015-04,Q2,2015-Q2,14,4,Saturday,Sat,True
2015-04-05,2015,4,April,Apr,2015-04,Q2,2015-Q2,14,5,Sunday,Sun,True
2015-04-06,2015,4,April,Apr,2015-04,Q2,2015-Q2,15,6,Monday,Mon,False
2015-04-07,2015,4,April,Apr,2015-04,Q2,2015-Q2,15,7,Tuesday,Tue,False
2015-04-08,2015,4,April,Apr,2015-04,Q2,2015-Q2,15,8,Wednesday,Wed,False
2015-04-09,2015,4,April,Apr,2015-04,Q2,2015-Q2,15,9,Thursday,Thu,False
2015-04-10,2015,4,April,Apr,2015-04,Q2,2015-Q2,15,10,Friday,Fri,False
2015-04-11,2015,4,April,Apr,2015-04,Q2,2015-Q2,15,11,Saturday,Sat,True
2015-04-12,2015,4,April,Apr,2015-04,Q2,2015-Q2,15,12,Sunday,Sun,True
2015-04-13,2015,4,April,Apr,2015-04,Q2,2015-Q2,16,13,Monday,Mon,False
2015-04-14,2015,4,April,Apr,2015-04,Q2,2015-Q2,16,14,Tuesday,Tue,False
2015-04-15,2015,4,April,Apr,2015-04,Q2,2015-Q2,16,15,Wednesday,Wed,False
2015-04-16,2015,4,April,Apr,2015-04,Q2,2015-Q2,16,16,Thursday,Thu,False
2015-04-17,2015,4,April,Apr,2015-04,Q2,2015-Q2,16,17,Friday,Fri,False
2015-04-18,2015,4,April,Apr,2015-04,Q2,2015-Q2,16,18,Saturday,Sat,True
2015-04-19,2015,4,April,Apr,2015-04,Q2,2015-Q2,16,19,Sunday,Sun,True
2015-04-20,2015,4,April,Apr,2015-04,Q2,2015-Q2,17,20,Monday,Mon,False
2015-04-21,2015,4,April,Apr,2015-04,Q2,2015-Q2,17,21,Tuesday,Tue,False
2015-04-22,2015,4,April,Apr,2015-04,Q2,2015-Q2,17,22,Wednesday,Wed,False
2015-04-23,2015,4,April,Apr,2015-04,Q2,2015-Q2,17,23,Thursday,Thu,False
2015-04-24,2015,4,April,Apr,2015-04,Q2,2015-Q2,17,24,Friday,Fri,False
2015-04-25,2015,4,April,Apr,2015-04,Q2,2015-Q2,17,25,Saturday,Sat,True
2015-04-26,2015,4,April,Apr,2015-04,Q2,2015-Q2,17,26,Sunday,Sun,True
2015-04-27,2015,4,April,Apr,2015-04,Q2,2015-Q2,18,27,Monday,Mon,False
2015-04-28,2015,4,April,Apr,2015-04,Q2,2015-Q2,18,28,Tuesday,Tue,False
2015-04-29,2015,4,April,Apr,2015-04,Q2,2015-Q2,18,29,Wednesday,Wed,False
2015-04-30,2015,4,April,Apr,2015-04,Q2,2015-Q2,18,30,Thursday,Thu,False
2015-05-01,2015,5,May,May,2015-05,Q2,2015-Q2,18,1,Friday,Fri,False
2015-05-02,2015,5,May,May,2015-05,Q2,2015-Q2,18,2,Saturday,Sat,True
2015-05-03,2015,5,May,May,2015-05,Q2,2015-Q2,18,3,Sunday,Sun,True
2015-05-04,2015,5,May,May,2015-05,Q2,2015-Q2,19,4,Monday,Mon,False
2015-05-05,2015,5,May,May,2015-05,Q2,2015-Q2,19,5,Tuesday,Tue,False
2015-05-06,2015,5,May,May,2015-05,Q2,2015-Q2,19,6,Wednesday,Wed,False
2015-05-07,2015,5,May,May,2015-05,Q2,2015-Q2,19,7,Thursday,Thu,False
2015-05-08,2015,5,May,May,2015-05,Q2,2015-Q2,19,8,Friday,Fri,False
2015-05-09,2015,5,May,May,2015-05,Q2,2015-Q2,19,9,Saturday,Sat,True
2015-05-10,2015,5,May,May,2015-05,Q2,2015-Q2,19,10,Sunday,Sun,True
2015-05-11,2015,5,May,May,2015-05,Q2,2015-Q2,20,11,Monday,Mon,False
2015-05-12,2015,5,May,May,2015-05,Q2,2015-Q2,20,12,Tuesday,Tue,False
2015-05-13,2015,5,May,May,2015-05,Q2,2015-Q2,20,13,Wednesday,Wed,False
2015-05-14,2015,5,May,May,2015-05,Q2,2015-Q2,20,14,Thursday,Thu,False
2015-05-15,2015,5,May,May,2015-05,Q2,2015-Q2,20,15,Friday,Fri,False
2015-05-16,2015,5,May,May,2015-05,Q2,2015-Q2,20,16,Saturday,Sat,True
2015-05-17,2015,5,May,May,2015-05,Q2,2015-Q2,20,17,Sunday,Sun,True
2015-05-18,2015,5,May,May,2015-05,Q2,2015-Q2,21,18,Monday,Mon,False
2015-05-19,2015,5,May,May,2015-05,Q2,2015-Q2,21,19,Tuesday,Tue,False
2015-05-20,2015,5,May,May,2015-05,Q2,2015-Q2,21,20,Wednesday,Wed,False
2015-05-21,2015,5,May,May,2015-05,Q2,2015-Q2,21,21,Thursday,Thu,False
2015-05-22,2015,5,May,May,2015-05,Q2,2015-Q2,21,22,Friday,Fri,False
2015-05-23,2015,5,May,May,2015-05,Q2,2015-Q2,21,23,Saturday,Sat,True
2015-05-24,2015,5,May,May,2015-05,Q2,2015-Q2,21,24,Sunday,Sun,True
2015-05-25,2015,5,May,May,2015-05,Q2,2015-Q2,22,25,Monday,Mon,False
2015-05-26,2015,5,May,May,2015-05,Q2,2015-Q2,22,26,Tuesday,Tue,False
2015-05-27,2015,5,May,May,2015-05,Q2,2015-Q2,22,27,Wednesday,Wed,False
2015-05-28,2015,5,May,May,2015-05,Q2,2015-Q2,22,28,Thursday,Thu,False
2015-05-29,2015,5,May,May,2015-05,Q2,2015-Q2,22,29,Friday,Fri,False
2015-05-30,2015,5,May,May,2015-05,Q2,2015-Q2,22,30,Saturday,Sat,True
2015-05-31,2015,5,May,May,2015-05,Q2,2015-Q2,22,31,Sunday,Sun,True
2015-06-01,2015,6,June,Jun,2015-06,Q2,2015-Q2,23,1,Monday,Mon,False
2015-06-02,2015,6,June,Jun,2015-06,Q2,2015-Q2,23,2,Tuesday,Tue,False
2015-06-03,2015,6,June,Jun,2015-06,Q2,2015-Q2,23,3,Wednesday,Wed,False
2015-06-04,2015,6,June,Jun,2015-06,Q2,2015-Q2,23,4,Thursday,Thu,False
2015-06-05,2015,6,June,Jun,2015-06,Q2,2015-Q2,23,5,Friday,Fri,False
2015-06-06,2015,6,June,Jun,2015-06,Q2,2015-Q2,23,6,Saturday,Sat,True
2015-06-07,2015,6,June,Jun,2015-06,Q2,2015-Q2,23,7,Sunday,Sun,True
2015-06-08,2015,6,June,Jun,2015-06,Q2,2015-Q2,24,8,Monday,Mon,False
2015-06-09,2015,6,June,Jun,2015-06,Q2,2015-Q2,24,9,Tuesday,Tue,False
2015-06-10,2015,6,June,Jun,2015-06,Q2,2015-Q2,24,10,Wednesday,Wed,False
2015-06-11,2015,6,June,Jun,2015-06,Q2,2015-Q2,24,11,Thursday,Thu,False
2015-06-12,2015,6,June,Jun,2015-06,Q2,2015-Q2,24,12,Friday,Fri,False
2015-06-13,2015,6,June,Jun,2015-06,Q2,2015-Q2,24,13,Saturday,Sat,True
2015-06-14,2015,6,June,Jun,2015-06,Q2,2015-Q2,24,14,Sunday,Sun,True
2015-06-15,2015,6,June,Jun,2015-06,Q2,2015-Q2,25,15,Monday,Mon,False
2015-06-16,2015,6,June,Jun,2015-06,Q2,2015-Q2,25,16,Tuesday,Tue,False
2015-06-17,2015,6,June,Jun,2015-06,Q2,2015-Q2,25,17,Wednesday,Wed,False
2015-06-18,2015,6,June,Jun,2015-06,Q2,2015-Q2,25,18,Thursday,Thu,False
2015-06-19,2015,6,June,Jun,2015-06,Q2,2015-Q2,25,19,Friday,Fri,False
2015-06-20,2015,6,June,Jun,2015-06,Q2,2015-Q2,25,20,Saturday,Sat,True
2015-06-21,2015,6,June,Jun,2015-06,Q2,2015-Q2,25,21,Sunday,Sun,True
2015-06-22,2015,6,June,Jun,2015-06,Q2,2015-Q2,26,22,Monday,Mon,False
2015-06-23,2015,6,June,Jun,2015-06,Q2,2015-Q2,26,23,Tuesday,Tue,False
2015-06-24,2015,6,June,Jun,2015-06,Q2,2015-Q2,26,24,Wednesday,Wed,False
2015-06-25,2015,6,June,Jun,2015-06,Q2,2015-Q2,26,25,Thursday,Thu,False
2015-06-26,2015,6,June,Jun,2015-06,Q2,2015-Q2,26,26,Friday,Fri,False
2015-06-27,2015,6,June,Jun,2015-06,Q2,2015-Q2,26,27,Saturday,Sat,True
2015-06-28,2015,6,June,Jun,2015-06,Q2,2015-Q2,26,28,Sunday,Sun,True
2015-06-29,2015,6,June,Jun,2015-06,Q2,2015-Q2,27,29,Monday,Mon,False
2015-06-30,2015,6,June,Jun,2015-06,Q2,2015-Q2,27,30,Tuesday,Tue,False
2015-07-01,2015,7,July,Jul,2015-07,Q3,2015-Q3,27,1,Wednesday,Wed,False
2015-07-02,2015,7,July,Jul,2015-07,Q3,2015-Q3,27,2,Thursday,Thu,False
2015-07-03,2015,7,July,Jul,2015-07,Q3,2015-Q3,27,3,Friday,Fri,False
2015-07-04,2015,7,July,Jul,2015-07,Q3,2015-Q3,27,4,Saturday,Sat,True
2015-07-05,2015,7,July,Jul,2015-07,Q3,2015-Q3,27,5,Sunday,Sun,True
2015-07-06,2015,7,July,Jul,2015-07,Q3,2015-Q3,28,6,Monday,Mon,False
2015-07-07,2015,7,July,Jul,2015-07,Q3,2015-Q3,28,7,Tuesday,Tue,False
2015-07-08,2015,7,July,Jul,2015-07,Q3,2015-Q3,28,8,Wednesday,Wed,False
2015-07-09,2015,7,July,Jul,2015-07,Q3,2015-Q3,28,9,Thursday,Thu,False
2015-07-10,2015,7,July,Jul,2015-07,Q3,2015-Q3,28,10,Friday,Fri,False
2015-07-11,2015,7,July,Jul,2015-07,Q3,2015-Q3,28,11,Saturday,Sat,True
2015-07-12,2015,7,July,Jul,2015-07,Q3,2015-Q3,28,12,Sunday,Sun,True
2015-07-13,2015,7,July,Jul,2015-07,Q3,2015-Q3,29,13,Monday,Mon,False
2015-07-14,2015,7,July,Jul,2015-07,Q3,2015-Q3,29,14,Tuesday,Tue,False
2015-07-15,2015,7,July,Jul,2015-07,Q3,2015-Q3,29,15,Wednesday,Wed,False
2015-07-16,2015,7,July,Jul,2015-07,Q3,2015-Q3,29,16,Thursday,Thu,False
2015-07-17,2015,7,July,Jul,2015-07,Q3,2015-Q3,29,17,Friday,Fri,False
2015-07-18,2015,7,July,Jul,2015-07,Q3,2015-Q3,29,18,Saturday,Sat,True
2015-07-19,2015,7,July,Jul,2015-07,Q3,2015-Q3,29,19,Sunday,Sun,True
2015-07-20,2015,7,July,Jul,2015-07,Q3,2015-Q3,30,20,Monday,Mon,False
2015-07-21,2015,7,July,Jul,2015-07,Q3,2015-Q3,30,21,Tuesday,Tue,False
2015-07-22,2015,7,July,Jul,2015-07,Q3,2015-Q3,30,22,Wednesday,Wed,False
2015-07-23,2015,7,July,Jul,2015-07,Q3,2015-Q3,30,23,Thursday,Thu,False
2015-07-24,2015,7,July,Jul,2015-07,Q3,2015-Q3,30,24,Friday,Fri,False
2015-07-25,2015,7,July,Jul,2015-07,Q3,2015-Q3,30,25,Saturday,Sat,True
2015-07-26,2015,7,July,Jul,2015-07,Q3,2015-Q3,30,26,Sunday,Sun,True
2015-07-27,2015,7,July,Jul,2015-07,Q3,2015-Q3,31,27,Monday,Mon,False
2015-07-28,2015,7,July,Jul,2015-07,Q3,2015-Q3,31,28,Tuesday,Tue,False
2015-07-29,2015,7,July,Jul,2015-07,Q3,2015-Q3,31,29,Wednesday,Wed,False
2015-07-30,2015,7,July,Jul,2015-07,Q3,2015-Q3,31,30,Thursday,Thu,False
2015-07-31,2015,7,July,Jul,2015-07,Q3,2015-Q3,31,31,Friday,Fri,False
2015-08-01,2015,8,August,Aug,2015-08,Q3,2015-Q3,31,1,Saturday,Sat,True
2015-08-02,2015,8,August,Aug,2015-08,Q3,2015-Q3,31,2,Sunday,Sun,True
2015-08-03,2015,8,August,Aug,2015-08,Q3,2015-Q3,32,3,Monday,Mon,False
2015-08-04,2015,8,August,Aug,2015-08,Q3,2015-Q3,32,4,Tuesday,Tue,False
2015-08-05,2015,8,August,Aug,2015-08,Q3,2015-Q3,32,5,Wednesday,Wed,False
2015-08-06,2015,8,August,Aug,2015-08,Q3,2015-Q3,32,6,Thursday,Thu,False
2015-08-07,2015,8,August,Aug,2015-08,Q3,2015-Q3,32,7,Friday,Fri,False
2015-08-08,2015,8,August,Aug,2015-08,Q3,2015-Q3,32,8,Saturday,Sat,True
2015-08-09,2015,8,August,Aug,2015-08,Q3,2015-Q3,32,9,Sunday,Sun,True
2015-08-10,2015,8,August,Aug,2015-08,Q3,2015-Q3,33,10,Monday,Mon,False
2015-08-11,2015,8,August,Aug,2015-08,Q3,2015-Q3,33,11,Tuesday,Tue,False
2015-08-12,2015,8,August,Aug,2015-08,Q3,2015-Q3,33,12,Wednesday,Wed,False
2015-08-13,2015,8,August,Aug,2015-08,Q3,2015-Q3,33,13,Thursday,Thu,False
2015-08-14,2015,8,August,Aug,2015-08,Q3,2015-Q3,33,14,Friday,Fri,False
2015-08-15,2015,8,August,Aug,2015-08,Q3,2015-Q3,33,15,Saturday,Sat,True
2015-08-16,2015,8,August,Aug,2015-08,Q3,2015-Q3,33,16,Sunday,Sun,True
2015-08-17,2015,8,August,Aug,2015-08,Q3,2015-Q3,34,17,Monday,Mon,False
2015-08-18,2015,8,August,Aug,2015-08,Q3,2015-Q3,34,18,Tuesday,Tue,False
2015-08-19,2015,8,August,Aug,2015-08,Q3,2015-Q3,34,19,Wednesday,Wed,False
2015-08-20,2015,8,August,Aug,2015-08,Q3,2015-Q3,34,20,Thursday,Thu,False
2015-08-21,2015,8,August,Aug,2015-08,Q3,2015-Q3,34,21,Friday,Fri,False
2015-08-22,2015,8,August,Aug,2015-08,Q3,2015-Q3,34,22,Saturday,Sat,True
2015-08-23,2015,8,August,Aug,2015-08,Q3,2015-Q3,34,23,Sunday,Sun,True
2015-08-24,2015,8,August,Aug,2015-08,Q3,2015-Q3,35,24,Monday,Mon,False
2015-08-25,2015,8,August,Aug,2015-08,Q3,2015-Q3,35,25,Tuesday,Tue,False
2015-08-26,2015,8,August,Aug,2015-08,Q3,2015-Q3,35,26,Wednesday,Wed,False
2015-08-27,2015,8,August,Aug,2015-08,Q3,2015-Q3,35,27,Thursday,Thu,False
2015-08-28,2015,8,August,Aug,2015-08,Q3,2015-Q3,35,28,Friday,Fri,False
2015-08-29,2015,8,August,Aug,2015-08,Q3,2015-Q3,35,29,Saturday,Sat,True
2015-08-30,2015,8,August,Aug,2015-08,Q3,2015-Q3,35,30,Sunday,Sun,True
2015-08-31,2015,8,August,Aug,2015-08,Q3,2015-Q3,36,31,Monday,Mon,False
2015-09-01,2015,9,September,Sep,2015-09,Q3,2015-Q3,36,1,Tuesday,Tue,False
2015-09-02,2015,9,September,Sep,2015-09,Q3,2015-Q3,36,2,Wednesday,Wed,False
2015-09-03,2015,9,September,Sep,2015-09,Q3,2015-Q3,36,3,Thursday,Thu,False
2015-09-04,2015,9,September,Sep,2015-09,Q3,2015-Q3,36,4,Friday,Fri,False
2015-09-05,2015,9,September,Sep,2015-09,Q3,2015-Q3,36,5,Saturday,Sat,True
2015-09-06,2015,9,September,Sep,2015-09,Q3,2015-Q3,36,6,Sunday,Sun,True
2015-09-07,2015,9,September,Sep,2015-09,Q3,2015-Q3,37,7,Monday,Mon,False
2015-09-08,2015,9,September,Sep,2015-09,Q3,2015-Q3,37,8,Tuesday,Tue,False
2015-09-09,2015,9,September,Sep,2015-09,Q3,2015-Q3,37,9,Wednesday,Wed,False
2015-09-10,2015,9,September,Sep,2015-09,Q3,2015-Q3,37,10,Thursday,Thu,False
2015-09-11,2015,9,September,Sep,2015-09,Q3,2015-Q3,37,11,Friday,Fri,False
2015-09-12,2015,9,September,Sep,2015-09,Q3,2015-Q3,37,12,Saturday,Sat,True
2015-09-13,2015,9,September,Sep,2015-09,Q3,2015-Q3,37,13,Sunday,Sun,True
2015-09-14,2015,9,September,Sep,2015-09,Q3,2015-Q3,38,14,Monday,Mon,False
2015-09-15,2015,9,September,Sep,2015-09,Q3,2015-Q3,38,15,Tuesday,Tue,False
2015-09-16,2015,9,September,Sep,2015-09,Q3,2015-Q3,38,16,Wednesday,Wed,False
2015-09-17,2015,9,September,Sep,2015-09,Q3,2015-Q3,38,17,Thursday,Thu,False
2015-09-18,2015,9,September,Sep,2015-09,Q3,2015-Q3,38,18,Friday,Fri,False
2015-09-19,2015,9,September,Sep,2015-09,Q3,2015-Q3,38,19,Saturday,Sat,True
2015-09-20,2015,9,September,Sep,2015-09,Q3,2015-Q3,38,20,Sunday,Sun,True
2015-09-21,2015,9,September,Sep,2015-09,Q3,2015-Q3,39,21,Monday,Mon,False
2015-09-22,2015,9,September,Sep,2015-09,Q3,2015-Q3,39,22,Tuesday,Tue,False
2015-09-23,2015,9,September,Sep,2015-09,Q3,2015-Q3,39,23,Wednesday,Wed,False
2015-09-24,2015,9,September,Sep,2015-09,Q3,2015-Q3,39,24,Thursday,Thu,False
2015-09-25,2015,9,September,Sep,2015-09,Q3,2015-Q3,39,25,Friday,Fri,False
2015-09-26,2015,9,September,Sep,2015-09,Q3,2015-Q3,39,26,Saturday,Sat,True
2015-09-27,2015,9,September,Sep,2015-09,Q3,2015-Q3,39,27,Sunday,Sun,True
2015-09-28,2015,9,September,Sep,2015-09,Q3,2015-Q3,40,28,Monday,Mon,False
2015-09-29,2015,9,September,Sep,2015-09,Q3,2015-Q3,40,29,Tuesday,Tue,False
2015-09-30,2015,9,September,Sep,2015-09,Q3,2015-Q3,40,30,Wednesday,Wed,False
2015-10-01,2015,10,October,Oct,2015-10,Q4,2015-Q4,40,1,Thursday,Thu,False
2015-10-02,2015,10,October,Oct,2015-10,Q4,2015-Q4,40,2,Friday,Fri,False
2015-10-03,2015,10,October,Oct,2015-10,Q4,2015-Q4,40,3,Saturday,Sat,True
2015-10-04,2015,10,October,Oct,2015-10,Q4,2015-Q4,40,4,Sunday,Sun,True
2015-10-05,2015,10,October,Oct,2015-10,Q4,2015-Q4,41,5,Monday,Mon,False
2015-10-06,2015,10,October,Oct,2015-10,Q4,2015-Q4,41,6,Tuesday,Tue,False
2015-10-07,2015,10,October,Oct,2015-10,Q4,2015-Q4,41,7,Wednesday,Wed,False
2015-10-08,2015,10,October,Oct,2015-10,Q4,2015-Q4,41,8,Thursday,Thu,False
2015-10-09,2015,10,October,Oct,2015-10,Q4,2015-Q4,41,9,Friday,Fri,False
2015-10-10,2015,10,October,Oct,2015-10,Q4,2015-Q4,41,10,Saturday,Sat,True
2015-10-11,2015,10,October,Oct,2015-10,Q4,2015-Q4,41,11,Sunday,Sun,True
2015-10-12,2015,10,October,Oct,2015-10,Q4,2015-Q4,42,12,Monday,Mon,False
2015-10-13,2015,10,October,Oct,2015-10,Q4,2015-Q4,42,13,Tuesday,Tue,False
2015-10-14,2015,10,October,Oct,2015-10,Q4,2015-Q4,42,14,Wednesday,Wed,False
2015-10-15,2015,10,October,Oct,2015-10,Q4,2015-Q4,42,15,Thursday,Thu,False
2015-10-16,2015,10,October,Oct,2015-10,Q4,2015-Q4,42,16,Friday,Fri,False
2015-10-17,2015,10,October,Oct,2015-10,Q4,2015-Q4,42,17,Saturday,Sat,True
2015-10-18,2015,10,October,Oct,2015-10,Q4,2015-Q4,42,18,Sunday,Sun,True
2015-10-19,2015,10,October,Oct,2015-10,Q4,2015-Q4,43,19,Monday,Mon,False
2015-10-20,2015,10,October,Oct,2015-10,Q4,2015-Q4,43,20,Tuesday,Tue,False
2015-10-21,2015,10,October,Oct,2015-10,Q4,2015-Q4,43,21,Wednesday,Wed,False
2015-10-22,2015,10,October,Oct,2015-10,Q4,2015-Q4,43,22,Thursday,Thu,False
2015-10-23,2015,10,October,Oct,2015-10,Q4,2015-Q4,43,23,Friday,Fri,False
2015-10-24,2015,10,October,Oct,2015-10,Q4,2015-Q4,43,24,Saturday,Sat,True
2015-10-25,2015,10,October,Oct,2015-10,Q4,2015-Q4,43,25,Sunday,Sun,True
2015-10-26,2015,10,October,Oct,2015-10,Q4,2015-Q4,44,26,Monday,Mon,False
2015-10-27,2015,10,October,Oct,2015-10,Q4,2015-Q4,44,27,Tuesday,Tue,False
2015-10-28,2015,10,October,Oct,2015-10,Q4,2015-Q4,44,28,Wednesday,Wed,False
2015-10-29,2015,10,October,Oct,2015-10,Q4,2015-Q4,44,29,Thursday,Thu,False
2015-10-30,2015,10,October,Oct,2015-10,Q4,2015-Q4,44,30,Friday,Fri,False
2015-10-31,2015,10,October,Oct,2015-10,Q4,2015-Q4,44,31,Saturday,Sat,True
2015-11-01,2015,11,November,Nov,2015-11,Q4,2015-Q4,44,1,Sunday,Sun,True
2015-11-02,2015,11,November,Nov,2015-11,Q4,2015-Q4,45,2,Monday,Mon,False
2015-11-03,2015,11,November,Nov,2015-11,Q4,2015-Q4,45,3,Tuesday,Tue,False
2015-11-04,2015,11,November,Nov,2015-11,Q4,2015-Q4,45,4,Wednesday,Wed,False
2015-11-05,2015,11,November,Nov,2015-11,Q4,2015-Q4,45,5,Thursday,Thu,False
2015-11-06,2015,11,November,Nov,2015-11,Q4,2015-Q4,45,6,Friday,Fri,False
2015-11-07,2015,11,November,Nov,2015-11,Q4,2015-Q4,45,7,Saturday,Sat,True
2015-11-08,2015,11,November,Nov,2015-11,Q4,2015-Q4,45,8,Sunday,Sun,True
2015-11-09,2015,11,November,Nov,2015-11,Q4,2015-Q4,46,9,Monday,Mon,False
2015-11-10,2015,11,November,Nov,2015-11,Q4,2015-Q4,46,10,Tuesday,Tue,False
2015-11-11,2015,11,November,Nov,2015-11,Q4,2015-Q4,46,11,Wednesday,Wed,False
2015-11-12,2015,11,November,Nov,2015-11,Q4,2015-Q4,46,12,Thursday,Thu,False
2015-11-13,2015,11,November,Nov,2015-11,Q4,2015-Q4,46,13,Friday,Fri,False
2015-11-14,2015,11,November,Nov,2015-11,Q4,2015-Q4,46,14,Saturday,Sat,True
2015-11-15,2015,11,November,Nov,2015-11,Q4,2015-Q4,46,15,Sunday,Sun,True
2015-11-16,2015,11,November,Nov,2015-11,Q4,2015-Q4,47,16,Monday,Mon,False
2015-11-17,2015,11,November,Nov,2015-11,Q4,2015-Q4,47,17,Tuesday,Tue,False
2015-11-18,2015,11,November,Nov,2015-11,Q4,2015-Q4,47,18,Wednesday,Wed,False
2015-11-19,2015,11,November,Nov,2015-11,Q4,2015-Q4,47,19,Thursday,Thu,False
2015-11-20,2015,11,November,Nov,2015-11,Q4,2015-Q4,47,20,Friday,Fri,False
2015-11-21,2015,11,November,Nov,2015-11,Q4,2015-Q4,47,21,Saturday,Sat,True
2015-11-22,2015,11,November,Nov,2015-11,Q4,2015-Q4,47,22,Sunday,Sun,True
2015-11-23,2015,11,November,Nov,2015-11,Q4,2015-Q4,48,23,Monday,Mon,False
2015-11-24,2015,11,November,Nov,2015-11,Q4,2015-Q4,48,24,Tuesday,Tue,False
2015-11-25,2015,11,November,Nov,2015-11,Q4,2015-Q4,48,25,Wednesday,Wed,False
2015-11-26,2015,11,November,Nov,2015-11,Q4,2015-Q4,48,26,Thursday,Thu,False
2015-11-27,2015,11,November,Nov,2015-11,Q4,2015-Q4,48,27,Friday,Fri,False
2015-11-28,2015,11,November,Nov,2015-11,Q4,2015-Q4,48,28,Saturday,Sat,True
2015-11-29,2015,11,November,Nov,2015-11,Q4,2015-Q4,48,29,Sunday,Sun,True
2015-11-30,2015,11,November,Nov,2015-11,Q4,2015-Q4,49,30,Monday,Mon,False
2015-12-01,2015,12,December,Dec,2015-12,Q4,2015-Q4,49,1,Tuesday,Tue,False
2015-12-02,2015,12,December,Dec,2015-12,Q4,2015-Q4,49,2,Wednesday,Wed,False
2015-12-03,2015,12,December,Dec,2015-12,Q4,2015-Q4,49,3,Thursday,Thu,False
2015-12-04,2015,12,December,Dec,2015-12,Q4,2015-Q4,49,4,Friday,Fri,False
2015-12-05,2015,12,December,Dec,2015-12,Q4,2015-Q4,49,5,Saturday,Sat,True
2015-12-06,2015,12,December,Dec,2015-12,Q4,2015-Q4,49,6,Sunday,Sun,True
2015-12-07,2015,12,December,Dec,2015-12,Q4,2015-Q4,50,7,Monday,Mon,False
2015-12-08,2015,12,December,Dec,2015-12,Q4,2015-Q4,50,8,Tuesday,Tue,False
2015-12-09,2015,12,December,Dec,2015-12,Q4,2015-Q4,50,9,Wednesday,Wed,False
2015-12-10,2015,12,December,Dec,2015-12,Q4,2015-Q4,50,10,Thursday,Thu,False
2015-12-11,2015,12,December,Dec,2015-12,Q4,2015-Q4,50,11,Friday,Fri,False
2015-12-12,2015,12,December,Dec,2015-12,Q4,2015-Q4,50,12,Saturday,Sat,True
2015-12-13,2015,12,December,Dec,2015-12,Q4,2015-Q4,50,13,Sunday,Sun,True
2015-12-14,2015,12,December,Dec,2015-12,Q4,2015-Q4,51,14,Monday,Mon,False
2015-12-15,2015,12,December,Dec,2015-12,Q4,2015-Q4,51,15,Tuesday,Tue,False
2015-12-16,2015,12,December,Dec,2015-12,Q4,2015-Q4,51,16,Wednesday,Wed,False
2015-12-17,2015,12,December,Dec,2015-12,Q4,2015-Q4,51,17,Thursday,Thu,False
2015-12-18,2015,12,December,Dec,2015-12,Q4,2015-Q4,51,18,Friday,Fri,False
2015-12-19,2015,12,December,Dec,2015-12,Q4,2015-Q4,51,19,Saturday,Sat,True
2015-12-20,2015,12,December,Dec,2015-12,Q4,2015-Q4,51,20,Sunday,Sun,True
2015-12-21,2015,12,December,Dec,2015-12,Q4,2015-Q4,52,21,Monday,Mon,False
2015-12-22,2015,12,December,Dec,2015-12,Q4,2015-Q4,52,22,Tuesday,Tue,False
2015-12-23,2015,12,December,Dec,2015-12,Q4,2015-Q4,52,23,Wednesday,Wed,False
2015-12-24,2015,12,December,Dec,2015-12,Q4,2015-Q4,52,24,Thursday,Thu,False
2015-12-25,2015,12,December,Dec,2015-12,Q4,2015-Q4,52,25,Friday,Fri,False
2015-12-26,2015,12,December,Dec,2015-12,Q4,2015-Q4,52,26,Saturday,Sat,True
2015-12-27,2015,12,December,Dec,2015-12,Q4,2015-Q4,52,27,Sunday,Sun,True
2015-12-28,2015,12,December,Dec,2015-12,Q4,2015-Q4,53,28,Monday,Mon,False
2015-12-29,2015,12,December,Dec,2015-12,Q4,2015-Q4,53,29,Tuesday,Tue,False
2015-12-30,2015,12,December,Dec,2015-12,Q4,2015-Q4,53,30,Wednesday,Wed,False
2015-12-31,2015,12,December,Dec,2015-12,Q4,2015-Q4,53,31,Thursday,Thu,False
2016-01-01,2016,1,January,Jan,2016-01,Q1,2016-Q1,53,1,Friday,Fri,False
2016-01-02,2016,1,January,Jan,2016-01,Q1,2016-Q1,53,2,Saturday,Sat,True
2016-01-03,2016,1,January,Jan,2016-01,Q1,2016-Q1,53,3,Sunday,Sun,True
2016-01-04,2016,1,January,Jan,2016-01,Q1,2016-Q1,1,4,Monday,Mon,False
2016-01-05,2016,1,January,Jan,2016-01,Q1,2016-Q1,1,5,Tuesday,Tue,False
2016-01-06,2016,1,January,Jan,2016-01,Q1,2016-Q1,1,6,Wednesday,Wed,False
2016-01-07,2016,1,January,Jan,2016-01,Q1,2016-Q1,1,7,Thursday,Thu,False
2016-01-08,2016,1,January,Jan,2016-01,Q1,2016-Q1,1,8,Friday,Fri,False
2016-01-09,2016,1,January,Jan,2016-01,Q1,2016-Q1,1,9,Saturday,Sat,True
2016-01-10,2016,1,January,Jan,2016-01,Q1,2016-Q1,1,10,Sunday,Sun,True
2016-01-11,2016,1,January,Jan,2016-01,Q1,2016-Q1,2,11,Monday,Mon,False
2016-01-12,2016,1,January,Jan,2016-01,Q1,2016-Q1,2,12,Tuesday,Tue,False
2016-01-13,2016,1,January,Jan,2016-01,Q1,2016-Q1,2,13,Wednesday,Wed,False
2016-01-14,2016,1,January,Jan,2016-01,Q1,2016-Q1,2,14,Thursday,Thu,False
2016-01-15,2016,1,January,Jan,2016-01,Q1,2016-Q1,2,15,Friday,Fri,False
2016-01-16,2016,1,January,Jan,2016-01,Q1,2016-Q1,2,16,Saturday,Sat,True
2016-01-17,2016,1,January,Jan,2016-01,Q1,2016-Q1,2,17,Sunday,Sun,True
2016-01-18,2016,1,January,Jan,2016-01,Q1,2016-Q1,3,18,Monday,Mon,False
2016-01-19,2016,1,January,Jan,2016-01,Q1,2016-Q1,3,19,Tuesday,Tue,False
2016-01-20,2016,1,January,Jan,2016-01,Q1,2016-Q1,3,20,Wednesday,Wed,False
2016-01-21,2016,1,January,Jan,2016-01,Q1,2016-Q1,3,21,Thursday,Thu,False
2016-01-22,2016,1,January,Jan,2016-01,Q1,2016-Q1,3,22,Friday,Fri,False
2016-01-23,2016,1,January,Jan,2016-01,Q1,2016-Q1,3,23,Saturday,Sat,True
2016-01-24,2016,1,January,Jan,2016-01,Q1,2016-Q1,3,24,Sunday,Sun,True
2016-01-25,2016,1,January,Jan,2016-01,Q1,2016-Q1,4,25,Monday,Mon,False
2016-01-26,2016,1,January,Jan,2016-01,Q1,2016-Q1,4,26,Tuesday,Tue,False
2016-01-27,2016,1,January,Jan,2016-01,Q1,2016-Q1,4,27,Wednesday,Wed,False
2016-01-28,2016,1,January,Jan,2016-01,Q1,2016-Q1,4,28,Thursday,Thu,False
2016-01-29,2016,1,January,Jan,2016-01,Q1,2016-Q1,4,29,Friday,Fri,False
2016-01-30,2016,1,January,Jan,2016-01,Q1,2016-Q1,4,30,Saturday,Sat,True
2016-01-31,2016,1,January,Jan,2016-01,Q1,2016-Q1,4,31,Sunday,Sun,True
2016-02-01,2016,2,February,Feb,2016-02,Q1,2016-Q1,5,1,Monday,Mon,False
2016-02-02,2016,2,February,Feb,2016-02,Q1,2016-Q1,5,2,Tuesday,Tue,False
2016-02-03,2016,2,February,Feb,2016-02,Q1,2016-Q1,5,3,Wednesday,Wed,False
2016-02-04,2016,2,February,Feb,2016-02,Q1,2016-Q1,5,4,Thursday,Thu,False
2016-02-05,2016,2,February,Feb,2016-02,Q1,2016-Q1,5,5,Friday,Fri,False
2016-02-06,2016,2,February,Feb,2016-02,Q1,2016-Q1,5,6,Saturday,Sat,True
2016-02-07,2016,2,February,Feb,2016-02,Q1,2016-Q1,5,7,Sunday,Sun,True
2016-02-08,2016,2,February,Feb,2016-02,Q1,2016-Q1,6,8,Monday,Mon,False
2016-02-09,2016,2,February,Feb,2016-02,Q1,2016-Q1,6,9,Tuesday,Tue,False
2016-02-10,2016,2,February,Feb,2016-02,Q1,2016-Q1,6,10,Wednesday,Wed,False
2016-02-11,2016,2,February,Feb,2016-02,Q1,2016-Q1,6,11,Thursday,Thu,False
2016-02-12,2016,2,February,Feb,2016-02,Q1,2016-Q1,6,12,Friday,Fri,False
2016-02-13,2016,2,February,Feb,2016-02,Q1,2016-Q1,6,13,Saturday,Sat,True
2016-02-14,2016,2,February,Feb,2016-02,Q1,2016-Q1,6,14,Sunday,Sun,True
2016-02-15,2016,2,February,Feb,2016-02,Q1,2016-Q1,7,15,Monday,Mon,False
2016-02-16,2016,2,February,Feb,2016-02,Q1,2016-Q1,7,16,Tuesday,Tue,False
2016-02-17,2016,2,February,Feb,2016-02,Q1,2016-Q1,7,17,Wednesday,Wed,False
2016-02-18,2016,2,February,Feb,2016-02,Q1,2016-Q1,7,18,Thursday,Thu,False
2016-02-19,2016,2,February,Feb,2016-02,Q1,2016-Q1,7,19,Friday,Fri,False
2016-02-20,2016,2,February,Feb,2016-02,Q1,2016-Q1,7,20,Saturday,Sat,True
2016-02-21,2016,2,February,Feb,2016-02,Q1,2016-Q1,7,21,Sunday,Sun,True
2016-02-22,2016,2,February,Feb,2016-02,Q1,2016-Q1,8,22,Monday,Mon,False
2016-02-23,2016,2,February,Feb,2016-02,Q1,2016-Q1,8,23,Tuesday,Tue,False
2016-02-24,2016,2,February,Feb,2016-02,Q1,2016-Q1,8,24,Wednesday,Wed,False
2016-02-25,2016,2,February,Feb,2016-02,Q1,2016-Q1,8,25,Thursday,Thu,False
2016-02-26,2016,2,February,Feb,2016-02,Q1,2016-Q1,8,26,Friday,Fri,False
2016-02-27,2016,2,February,Feb,2016-02,Q1,2016-Q1,8,27,Saturday,Sat,True
2016-02-28,2016,2,February,Feb,2016-02,Q1,2016-Q1,8,28,Sunday,Sun,True
2016-02-29,2016,2,February,Feb,2016-02,Q1,2016-Q1,9,29,Monday,Mon,False
2016-03-01,2016,3,March,Mar,2016-03,Q1,2016-Q1,9,1,Tuesday,Tue,False
2016-03-02,2016,3,March,Mar,2016-03,Q1,2016-Q1,9,2,Wednesday,Wed,False
2016-03-03,2016,3,March,Mar,2016-03,Q1,2016-Q1,9,3,Thursday,Thu,False
2016-03-04,2016,3,March,Mar,2016-03,Q1,2016-Q1,9,4,Friday,Fri,False
2016-03-05,2016,3,March,Mar,2016-03,Q1,2016-Q1,9,5,Saturday,Sat,True
2016-03-06,2016,3,March,Mar,2016-03,Q1,2016-Q1,9,6,Sunday,Sun,True
2016-03-07,2016,3,March,Mar,2016-03,Q1,2016-Q1,10,7,Monday,Mon,False
2016-03-08,2016,3,March,Mar,2016-03,Q1,2016-Q1,10,8,Tuesday,Tue,False
2016-03-09,2016,3,March,Mar,2016-03,Q1,2016-Q1,10,9,Wednesday,Wed,False
2016-03-10,2016,3,March,Mar,2016-03,Q1,2016-Q1,10,10,Thursday,Thu,False
2016-03-11,2016,3,March,Mar,2016-03,Q1,2016-Q1,10,11,Friday,Fri,False
2016-03-12,2016,3,March,Mar,2016-03,Q1,2016-Q1,10,12,Saturday,Sat,True
2016-03-13,2016,3,March,Mar,2016-03,Q1,2016-Q1,10,13,Sunday,Sun,True
2016-03-14,2016,3,March,Mar,2016-03,Q1,2016-Q1,11,14,Monday,Mon,False
2016-03-15,2016,3,March,Mar,2016-03,Q1,2016-Q1,11,15,Tuesday,Tue,False
2016-03-16,2016,3,March,Mar,2016-03,Q1,2016-Q1,11,16,Wednesday,Wed,False
2016-03-17,2016,3,March,Mar,2016-03,Q1,2016-Q1,11,17,Thursday,Thu,False
2016-03-18,2016,3,March,Mar,2016-03,Q1,2016-Q1,11,18,Friday,Fri,False
2016-03-19,2016,3,March,Mar,2016-03,Q1,2016-Q1,11,19,Saturday,Sat,True
2016-03-20,2016,3,March,Mar,2016-03,Q1,2016-Q1,11,20,Sunday,Sun,True
2016-03-21,2016,3,March,Mar,2016-03,Q1,2016-Q1,12,21,Monday,Mon,False
2016-03-22,2016,3,March,Mar,2016-03,Q1,2016-Q1,12,22,Tuesday,Tue,False
2016-03-23,2016,3,March,Mar,2016-03,Q1,2016-Q1,12,23,Wednesday,Wed,False
2016-03-24,2016,3,March,Mar,2016-03,Q1,2016-Q1,12,24,Thursday,Thu,False
2016-03-25,2016,3,March,Mar,2016-03,Q1,2016-Q1,12,25,Friday,Fri,False
2016-03-26,2016,3,March,Mar,2016-03,Q1,2016-Q1,12,26,Saturday,Sat,True
2016-03-27,2016,3,March,Mar,2016-03,Q1,2016-Q1,12,27,Sunday,Sun,True
2016-03-28,2016,3,March,Mar,2016-03,Q1,2016-Q1,13,28,Monday,Mon,False
2016-03-29,2016,3,March,Mar,2016-03,Q1,2016-Q1,13,29,Tuesday,Tue,False
2016-03-30,2016,3,March,Mar,2016-03,Q1,2016-Q1,13,30,Wednesday,Wed,False
2016-03-31,2016,3,March,Mar,2016-03,Q1,2016-Q1,13,31,Thursday,Thu,False
2016-04-01,2016,4,April,Apr,2016-04,Q2,2016-Q2,13,1,Friday,Fri,False
2016-04-02,2016,4,April,Apr,2016-04,Q2,2016-Q2,13,2,Saturday,Sat,True
2016-04-03,2016,4,April,Apr,2016-04,Q2,2016-Q2,13,3,Sunday,Sun,True
2016-04-04,2016,4,April,Apr,2016-04,Q2,2016-Q2,14,4,Monday,Mon,False
2016-04-05,2016,4,April,Apr,2016-04,Q2,2016-Q2,14,5,Tuesday,Tue,False
2016-04-06,2016,4,April,Apr,2016-04,Q2,2016-Q2,14,6,Wednesday,Wed,False
2016-04-07,2016,4,April,Apr,2016-04,Q2,2016-Q2,14,7,Thursday,Thu,False
2016-04-08,2016,4,April,Apr,2016-04,Q2,2016-Q2,14,8,Friday,Fri,False
2016-04-09,2016,4,April,Apr,2016-04,Q2,2016-Q2,14,9,Saturday,Sat,True
2016-04-10,2016,4,April,Apr,2016-04,Q2,2016-Q2,14,10,Sunday,Sun,True
2016-04-11,2016,4,April,Apr,2016-04,Q2,2016-Q2,15,11,Monday,Mon,False
2016-04-12,2016,4,April,Apr,2016-04,Q2,2016-Q2,15,12,Tuesday,Tue,False
2016-04-13,2016,4,April,Apr,2016-04,Q2,2016-Q2,15,13,Wednesday,Wed,False
2016-04-14,2016,4,April,Apr,2016-04,Q2,2016-Q2,15,14,Thursday,Thu,False
2016-04-15,2016,4,April,Apr,2016-04,Q2,2016-Q2,15,15,Friday,Fri,False
2016-04-16,2016,4,April,Apr,2016-04,Q2,2016-Q2,15,16,Saturday,Sat,True
2016-04-17,2016,4,April,Apr,2016-04,Q2,2016-Q2,15,17,Sunday,Sun,True
2016-04-18,2016,4,April,Apr,2016-04,Q2,2016-Q2,16,18,Monday,Mon,False
2016-04-19,2016,4,April,Apr,2016-04,Q2,2016-Q2,16,19,Tuesday,Tue,False
2016-04-20,2016,4,April,Apr,2016-04,Q2,2016-Q2,16,20,Wednesday,Wed,False
2016-04-21,2016,4,April,Apr,2016-04,Q2,2016-Q2,16,21,Thursday,Thu,False
2016-04-22,2016,4,April,Apr,2016-04,Q2,2016-Q2,16,22,Friday,Fri,False
2016-04-23,2016,4,April,Apr,2016-04,Q2,2016-Q2,16,23,Saturday,Sat,True
2016-04-24,2016,4,April,Apr,2016-04,Q2,2016-Q2,16,24,Sunday,Sun,True
2016-04-25,2016,4,April,Apr,2016-04,Q2,2016-Q2,17,25,Monday,Mon,False
2016-04-26,2016,4,April,Apr,2016-04,Q2,2016-Q2,17,26,Tuesday,Tue,False
2016-04-27,2016,4,April,Apr,2016-04,Q2,2016-Q2,17,27,Wednesday,Wed,False
2016-04-28,2016,4,April,Apr,2016-04,Q2,2016-Q2,17,28,Thursday,Thu,False
2016-04-29,2016,4,April,Apr,2016-04,Q2,2016-Q2,17,29,Friday,Fri,False
2016-04-30,2016,4,April,Apr,2016-04,Q2,2016-Q2,17,30,Saturday,Sat,True
2016-05-01,2016,5,May,May,2016-05,Q2,2016-Q2,17,1,Sunday,Sun,True
2016-05-02,2016,5,May,May,2016-05,Q2,2016-Q2,18,2,Monday,Mon,False
2016-05-03,2016,5,May,May,2016-05,Q2,2016-Q2,18,3,Tuesday,Tue,False
2016-05-04,2016,5,May,May,2016-05,Q2,2016-Q2,18,4,Wednesday,Wed,False
2016-05-05,2016,5,May,May,2016-05,Q2,2016-Q2,18,5,Thursday,Thu,False
2016-05-06,2016,5,May,May,2016-05,Q2,2016-Q2,18,6,Friday,Fri,False
2016-05-07,2016,5,May,May,2016-05,Q2,2016-Q2,18,7,Saturday,Sat,True
2016-05-08,2016,5,May,May,2016-05,Q2,2016-Q2,18,8,Sunday,Sun,True
2016-05-09,2016,5,May,May,2016-05,Q2,2016-Q2,19,9,Monday,Mon,False
2016-05-10,2016,5,May,May,2016-05,Q2,2016-Q2,19,10,Tuesday,Tue,False
2016-05-11,2016,5,May,May,2016-05,Q2,2016-Q2,19,11,Wednesday,Wed,False
2016-05-12,2016,5,May,May,2016-05,Q2,2016-Q2,19,12,Thursday,Thu,False
2016-05-13,2016,5,May,May,2016-05,Q2,2016-Q2,19,13,Friday,Fri,False
2016-05-14,2016,5,May,May,2016-05,Q2,2016-Q2,19,14,Saturday,Sat,True
2016-05-15,2016,5,May,May,2016-05,Q2,2016-Q2,19,15,Sunday,Sun,True
2016-05-16,2016,5,May,May,2016-05,Q2,2016-Q2,20,16,Monday,Mon,False
2016-05-17,2016,5,May,May,2016-05,Q2,2016-Q2,20,17,Tuesday,Tue,False
2016-05-18,2016,5,May,May,2016-05,Q2,2016-Q2,20,18,Wednesday,Wed,False
2016-05-19,2016,5,May,May,2016-05,Q2,2016-Q2,20,19,Thursday,Thu,False
2016-05-20,2016,5,May,May,2016-05,Q2,2016-Q2,20,20,Friday,Fri,False
2016-05-21,2016,5,May,May,2016-05,Q2,2016-Q2,20,21,Saturday,Sat,True
2016-05-22,2016,5,May,May,2016-05,Q2,2016-Q2,20,22,Sunday,Sun,True
2016-05-23,2016,5,May,May,2016-05,Q2,2016-Q2,21,23,Monday,Mon,False
2016-05-24,2016,5,May,May,2016-05,Q2,2016-Q2,21,24,Tuesday,Tue,False
2016-05-25,2016,5,May,May,2016-05,Q2,2016-Q2,21,25,Wednesday,Wed,False
2016-05-26,2016,5,May,May,2016-05,Q2,2016-Q2,21,26,Thursday,Thu,False
2016-05-27,2016,5,May,May,2016-05,Q2,2016-Q2,21,27,Friday,Fri,False
2016-05-28,2016,5,May,May,2016-05,Q2,2016-Q2,21,28,Saturday,Sat,True
2016-05-29,2016,5,May,May,2016-05,Q2,2016-Q2,21,29,Sunday,Sun,True
2016-05-30,2016,5,May,May,2016-05,Q2,2016-Q2,22,30,Monday,Mon,False
2016-05-31,2016,5,May,May,2016-05,Q2,2016-Q2,22,31,Tuesday,Tue,False
2016-06-01,2016,6,June,Jun,2016-06,Q2,2016-Q2,22,1,Wednesday,Wed,False
2016-06-02,2016,6,June,Jun,2016-06,Q2,2016-Q2,22,2,Thursday,Thu,False
2016-06-03,2016,6,June,Jun,2016-06,Q2,2016-Q2,22,3,Friday,Fri,False
2016-06-04,2016,6,June,Jun,2016-06,Q2,2016-Q2,22,4,Saturday,Sat,True
2016-06-05,2016,6,June,Jun,2016-06,Q2,2016-Q2,22,5,Sunday,Sun,True
2016-06-06,2016,6,June,Jun,2016-06,Q2,2016-Q2,23,6,Monday,Mon,False
2016-06-07,2016,6,June,Jun,2016-06,Q2,2016-Q2,23,7,Tuesday,Tue,False
2016-06-08,2016,6,June,Jun,2016-06,Q2,2016-Q2,23,8,Wednesday,Wed,False
2016-06-09,2016,6,June,Jun,2016-06,Q2,2016-Q2,23,9,Thursday,Thu,False
2016-06-10,2016,6,June,Jun,2016-06,Q2,2016-Q2,23,10,Friday,Fri,False
2016-06-11,2016,6,June,Jun,2016-06,Q2,2016-Q2,23,11,Saturday,Sat,True
2016-06-12,2016,6,June,Jun,2016-06,Q2,2016-Q2,23,12,Sunday,Sun,True
2016-06-13,2016,6,June,Jun,2016-06,Q2,2016-Q2,24,13,Monday,Mon,False
2016-06-14,2016,6,June,Jun,2016-06,Q2,2016-Q2,24,14,Tuesday,Tue,False
2016-06-15,2016,6,June,Jun,2016-06,Q2,2016-Q2,24,15,Wednesday,Wed,False
2016-06-16,2016,6,June,Jun,2016-06,Q2,2016-Q2,24,16,Thursday,Thu,False
2016-06-17,2016,6,June,Jun,2016-06,Q2,2016-Q2,24,17,Friday,Fri,False
2016-06-18,2016,6,June,Jun,2016-06,Q2,2016-Q2,24,18,Saturday,Sat,True
2016-06-19,2016,6,June,Jun,2016-06,Q2,2016-Q2,24,19,Sunday,Sun,True
2016-06-20,2016,6,June,Jun,2016-06,Q2,2016-Q2,25,20,Monday,Mon,False
2016-06-21,2016,6,June,Jun,2016-06,Q2,2016-Q2,25,21,Tuesday,Tue,False
2016-06-22,2016,6,June,Jun,2016-06,Q2,2016-Q2,25,22,Wednesday,Wed,False
2016-06-23,2016,6,June,Jun,2016-06,Q2,2016-Q2,25,23,Thursday,Thu,False
2016-06-24,2016,6,June,Jun,2016-06,Q2,2016-Q2,25,24,Friday,Fri,False
2016-06-25,2016,6,June,Jun,2016-06,Q2,2016-Q2,25,25,Saturday,Sat,True
2016-06-26,2016,6,June,Jun,2016-06,Q2,2016-Q2,25,26,Sunday,Sun,True
2016-06-27,2016,6,June,Jun,2016-06,Q2,2016-Q2,26,27,Monday,Mon,False
2016-06-28,2016,6,June,Jun,2016-06,Q2,2016-Q2,26,28,Tuesday,Tue,False
2016-06-29,2016,6,June,Jun,2016-06,Q2,2016-Q2,26,29,Wednesday,Wed,False
2016-06-30,2016,6,June,Jun,2016-06,Q2,2016-Q2,26,30,Thursday,Thu,False
2016-07-01,2016,7,July,Jul,2016-07,Q3,2016-Q3,26,1,Friday,Fri,False
2016-07-02,2016,7,July,Jul,2016-07,Q3,2016-Q3,26,2,Saturday,Sat,True
2016-07-03,2016,7,July,Jul,2016-07,Q3,2016-Q3,26,3,Sunday,Sun,True
2016-07-04,2016,7,July,Jul,2016-07,Q3,2016-Q3,27,4,Monday,Mon,False
2016-07-05,2016,7,July,Jul,2016-07,Q3,2016-Q3,27,5,Tuesday,Tue,False
2016-07-06,2016,7,July,Jul,2016-07,Q3,2016-Q3,27,6,Wednesday,Wed,False
2016-07-07,2016,7,July,Jul,2016-07,Q3,2016-Q3,27,7,Thursday,Thu,False
2016-07-08,2016,7,July,Jul,2016-07,Q3,2016-Q3,27,8,Friday,Fri,False
2016-07-09,2016,7,July,Jul,2016-07,Q3,2016-Q3,27,9,Saturday,Sat,True
2016-07-10,2016,7,July,Jul,2016-07,Q3,2016-Q3,27,10,Sunday,Sun,True
2016-07-11,2016,7,July,Jul,2016-07,Q3,2016-Q3,28,11,Monday,Mon,False
2016-07-12,2016,7,July,Jul,2016-07,Q3,2016-Q3,28,12,Tuesday,Tue,False
2016-07-13,2016,7,July,Jul,2016-07,Q3,2016-Q3,28,13,Wednesday,Wed,False
2016-07-14,2016,7,July,Jul,2016-07,Q3,2016-Q3,28,14,Thursday,Thu,False
2016-07-15,2016,7,July,Jul,2016-07,Q3,2016-Q3,28,15,Friday,Fri,False
2016-07-16,2016,7,July,Jul,2016-07,Q3,2016-Q3,28,16,Saturday,Sat,True
2016-07-17,2016,7,July,Jul,2016-07,Q3,2016-Q3,28,17,Sunday,Sun,True
2016-07-18,2016,7,July,Jul,2016-07,Q3,2016-Q3,29,18,Monday,Mon,False
2016-07-19,2016,7,July,Jul,2016-07,Q3,2016-Q3,29,19,Tuesday,Tue,False
2016-07-20,2016,7,July,Jul,2016-07,Q3,2016-Q3,29,20,Wednesday,Wed,False
2016-07-21,2016,7,July,Jul,2016-07,Q3,2016-Q3,29,21,Thursday,Thu,False
2016-07-22,2016,7,July,Jul,2016-07,Q3,2016-Q3,29,22,Friday,Fri,False
2016-07-23,2016,7,July,Jul,2016-07,Q3,2016-Q3,29,23,Saturday,Sat,True
2016-07-24,2016,7,July,Jul,2016-07,Q3,2016-Q3,29,24,Sunday,Sun,True
2016-07-25,2016,7,July,Jul,2016-07,Q3,2016-Q3,30,25,Monday,Mon,False
2016-07-26,2016,7,July,Jul,2016-07,Q3,2016-Q3,30,26,Tuesday,Tue,False
2016-07-27,2016,7,July,Jul,2016-07,Q3,2016-Q3,30,27,Wednesday,Wed,False
2016-07-28,2016,7,July,Jul,2016-07,Q3,2016-Q3,30,28,Thursday,Thu,False
2016-07-29,2016,7,July,Jul,2016-07,Q3,2016-Q3,30,29,Friday,Fri,False
2016-07-30,2016,7,July,Jul,2016-07,Q3,2016-Q3,30,30,Saturday,Sat,True
2016-07-31,2016,7,July,Jul,2016-07,Q3,2016-Q3,30,31,Sunday,Sun,True
2016-08-01,2016,8,August,Aug,2016-08,Q3,2016-Q3,31,1,Monday,Mon,False
2016-08-02,2016,8,August,Aug,2016-08,Q3,2016-Q3,31,2,Tuesday,Tue,False
2016-08-03,2016,8,August,Aug,2016-08,Q3,2016-Q3,31,3,Wednesday,Wed,False
2016-08-04,2016,8,August,Aug,2016-08,Q3,2016-Q3,31,4,Thursday,Thu,False
2016-08-05,2016,8,August,Aug,2016-08,Q3,2016-Q3,31,5,Friday,Fri,False
2016-08-06,2016,8,August,Aug,2016-08,Q3,2016-Q3,31,6,Saturday,Sat,True
2016-08-07,2016,8,August,Aug,2016-08,Q3,2016-Q3,31,7,Sunday,Sun,True
2016-08-08,2016,8,August,Aug,2016-08,Q3,2016-Q3,32,8,Monday,Mon,False
2016-08-09,2016,8,August,Aug,2016-08,Q3,2016-Q3,32,9,Tuesday,Tue,False
2016-08-10,2016,8,August,Aug,2016-08,Q3,2016-Q3,32,10,Wednesday,Wed,False
2016-08-11,2016,8,August,Aug,2016-08,Q3,2016-Q3,32,11,Thursday,Thu,False
2016-08-12,2016,8,August,Aug,2016-08,Q3,2016-Q3,32,12,Friday,Fri,False
2016-08-13,2016,8,August,Aug,2016-08,Q3,2016-Q3,32,13,Saturday,Sat,True
2016-08-14,2016,8,August,Aug,2016-08,Q3,2016-Q3,32,14,Sunday,Sun,True
2016-08-15,2016,8,August,Aug,2016-08,Q3,2016-Q3,33,15,Monday,Mon,False
2016-08-16,2016,8,August,Aug,2016-08,Q3,2016-Q3,33,16,Tuesday,Tue,False
2016-08-17,2016,8,August,Aug,2016-08,Q3,2016-Q3,33,17,Wednesday,Wed,False
2016-08-18,2016,8,August,Aug,2016-08,Q3,2016-Q3,33,18,Thursday,Thu,False
2016-08-19,2016,8,August,Aug,2016-08,Q3,2016-Q3,33,19,Friday,Fri,False
2016-08-20,2016,8,August,Aug,2016-08,Q3,2016-Q3,33,20,Saturday,Sat,True
2016-08-21,2016,8,August,Aug,2016-08,Q3,2016-Q3,33,21,Sunday,Sun,True
2016-08-22,2016,8,August,Aug,2016-08,Q3,2016-Q3,34,22,Monday,Mon,False
2016-08-23,2016,8,August,Aug,2016-08,Q3,2016-Q3,34,23,Tuesday,Tue,False
2016-08-24,2016,8,August,Aug,2016-08,Q3,2016-Q3,34,24,Wednesday,Wed,False
2016-08-25,2016,8,August,Aug,2016-08,Q3,2016-Q3,34,25,Thursday,Thu,False
2016-08-26,2016,8,August,Aug,2016-08,Q3,2016-Q3,34,26,Friday,Fri,False
2016-08-27,2016,8,August,Aug,2016-08,Q3,2016-Q3,34,27,Saturday,Sat,True
2016-08-28,2016,8,August,Aug,2016-08,Q3,2016-Q3,34,28,Sunday,Sun,True
2016-08-29,2016,8,August,Aug,2016-08,Q3,2016-Q3,35,29,Monday,Mon,False
2016-08-30,2016,8,August,Aug,2016-08,Q3,2016-Q3,35,30,Tuesday,Tue,False
2016-08-31,2016,8,August,Aug,2016-08,Q3,2016-Q3,35,31,Wednesday,Wed,False
2016-09-01,2016,9,September,Sep,2016-09,Q3,2016-Q3,35,1,Thursday,Thu,False
2016-09-02,2016,9,September,Sep,2016-09,Q3,2016-Q3,35,2,Friday,Fri,False
2016-09-03,2016,9,September,Sep,2016-09,Q3,2016-Q3,35,3,Saturday,Sat,True
2016-09-04,2016,9,September,Sep,2016-09,Q3,2016-Q3,35,4,Sunday,Sun,True
2016-09-05,2016,9,September,Sep,2016-09,Q3,2016-Q3,36,5,Monday,Mon,False
2016-09-06,2016,9,September,Sep,2016-09,Q3,2016-Q3,36,6,Tuesday,Tue,False
2016-09-07,2016,9,September,Sep,2016-09,Q3,2016-Q3,36,7,Wednesday,Wed,False
2016-09-08,2016,9,September,Sep,2016-09,Q3,2016-Q3,36,8,Thursday,Thu,False
2016-09-09,2016,9,September,Sep,2016-09,Q3,2016-Q3,36,9,Friday,Fri,False
2016-09-10,2016,9,September,Sep,2016-09,Q3,2016-Q3,36,10,Saturday,Sat,True
2016-09-11,2016,9,September,Sep,2016-09,Q3,2016-Q3,36,11,Sunday,Sun,True
2016-09-12,2016,9,September,Sep,2016-09,Q3,2016-Q3,37,12,Monday,Mon,False
2016-09-13,2016,9,September,Sep,2016-09,Q3,2016-Q3,37,13,Tuesday,Tue,False
2016-09-14,2016,9,September,Sep,2016-09,Q3,2016-Q3,37,14,Wednesday,Wed,False
2016-09-15,2016,9,September,Sep,2016-09,Q3,2016-Q3,37,15,Thursday,Thu,False
2016-09-16,2016,9,September,Sep,2016-09,Q3,2016-Q3,37,16,Friday,Fri,False
2016-09-17,2016,9,September,Sep,2016-09,Q3,2016-Q3,37,17,Saturday,Sat,True
2016-09-18,2016,9,September,Sep,2016-09,Q3,2016-Q3,37,18,Sunday,Sun,True
2016-09-19,2016,9,September,Sep,2016-09,Q3,2016-Q3,38,19,Monday,Mon,False
2016-09-20,2016,9,September,Sep,2016-09,Q3,2016-Q3,38,20,Tuesday,Tue,False
2016-09-21,2016,9,September,Sep,2016-09,Q3,2016-Q3,38,21,Wednesday,Wed,False
2016-09-22,2016,9,September,Sep,2016-09,Q3,2016-Q3,38,22,Thursday,Thu,False
2016-09-23,2016,9,September,Sep,2016-09,Q3,2016-Q3,38,23,Friday,Fri,False
2016-09-24,2016,9,September,Sep,2016-09,Q3,2016-Q3,38,24,Saturday,Sat,True
2016-09-25,2016,9,September,Sep,2016-09,Q3,2016-Q3,38,25,Sunday,Sun,True
2016-09-26,2016,9,September,Sep,2016-09,Q3,2016-Q3,39,26,Monday,Mon,False
2016-09-27,2016,9,September,Sep,2016-09,Q3,2016-Q3,39,27,Tuesday,Tue,False
2016-09-28,2016,9,September,Sep,2016-09,Q3,2016-Q3,39,28,Wednesday,Wed,False
2016-09-29,2016,9,September,Sep,2016-09,Q3,2016-Q3,39,29,Thursday,Thu,False
2016-09-30,2016,9,September,Sep,2016-09,Q3,2016-Q3,39,30,Friday,Fri,False
2016-10-01,2016,10,October,Oct,2016-10,Q4,2016-Q4,39,1,Saturday,Sat,True
2016-10-02,2016,10,October,Oct,2016-10,Q4,2016-Q4,39,2,Sunday,Sun,True
2016-10-03,2016,10,October,Oct,2016-10,Q4,2016-Q4,40,3,Monday,Mon,False
2016-10-04,2016,10,October,Oct,2016-10,Q4,2016-Q4,40,4,Tuesday,Tue,False
2016-10-05,2016,10,October,Oct,2016-10,Q4,2016-Q4,40,5,Wednesday,Wed,False
2016-10-06,2016,10,October,Oct,2016-10,Q4,2016-Q4,40,6,Thursday,Thu,False
2016-10-07,2016,10,October,Oct,2016-10,Q4,2016-Q4,40,7,Friday,Fri,False
2016-10-08,2016,10,October,Oct,2016-10,Q4,2016-Q4,40,8,Saturday,Sat,True
2016-10-09,2016,10,October,Oct,2016-10,Q4,2016-Q4,40,9,Sunday,Sun,True
2016-10-10,2016,10,October,Oct,2016-10,Q4,2016-Q4,41,10,Monday,Mon,False
2016-10-11,2016,10,October,Oct,2016-10,Q4,2016-Q4,41,11,Tuesday,Tue,False
2016-10-12,2016,10,October,Oct,2016-10,Q4,2016-Q4,41,12,Wednesday,Wed,False
2016-10-13,2016,10,October,Oct,2016-10,Q4,2016-Q4,41,13,Thursday,Thu,False
2016-10-14,2016,10,October,Oct,2016-10,Q4,2016-Q4,41,14,Friday,Fri,False
2016-10-15,2016,10,October,Oct,2016-10,Q4,2016-Q4,41,15,Saturday,Sat,True
2016-10-16,2016,10,October,Oct,2016-10,Q4,2016-Q4,41,16,Sunday,Sun,True
2016-10-17,2016,10,October,Oct,2016-10,Q4,2016-Q4,42,17,Monday,Mon,False
2016-10-18,2016,10,October,Oct,2016-10,Q4,2016-Q4,42,18,Tuesday,Tue,False
2016-10-19,2016,10,October,Oct,2016-10,Q4,2016-Q4,42,19,Wednesday,Wed,False
2016-10-20,2016,10,October,Oct,2016-10,Q4,2016-Q4,42,20,Thursday,Thu,False
2016-10-21,2016,10,October,Oct,2016-10,Q4,2016-Q4,42,21,Friday,Fri,False
2016-10-22,2016,10,October,Oct,2016-10,Q4,2016-Q4,42,22,Saturday,Sat,True
2016-10-23,2016,10,October,Oct,2016-10,Q4,2016-Q4,42,23,Sunday,Sun,True
2016-10-24,2016,10,October,Oct,2016-10,Q4,2016-Q4,43,24,Monday,Mon,False
2016-10-25,2016,10,October,Oct,2016-10,Q4,2016-Q4,43,25,Tuesday,Tue,False
2016-10-26,2016,10,October,Oct,2016-10,Q4,2016-Q4,43,26,Wednesday,Wed,False
2016-10-27,2016,10,October,Oct,2016-10,Q4,2016-Q4,43,27,Thursday,Thu,False
2016-10-28,2016,10,October,Oct,2016-10,Q4,2016-Q4,43,28,Friday,Fri,False
2016-10-29,2016,10,October,Oct,2016-10,Q4,2016-Q4,43,29,Saturday,Sat,True
2016-10-30,2016,10,October,Oct,2016-10,Q4,2016-Q4,43,30,Sunday,Sun,True
2016-10-31,2016,10,October,Oct,2016-10,Q4,2016-Q4,44,31,Monday,Mon,False
2016-11-01,2016,11,November,Nov,2016-11,Q4,2016-Q4,44,1,Tuesday,Tue,False
2016-11-02,2016,11,November,Nov,2016-11,Q4,2016-Q4,44,2,Wednesday,Wed,False
2016-11-03,2016,11,November,Nov,2016-11,Q4,2016-Q4,44,3,Thursday,Thu,False
2016-11-04,2016,11,November,Nov,2016-11,Q4,2016-Q4,44,4,Friday,Fri,False
2016-11-05,2016,11,November,Nov,2016-11,Q4,2016-Q4,44,5,Saturday,Sat,True
2016-11-06,2016,11,November,Nov,2016-11,Q4,2016-Q4,44,6,Sunday,Sun,True
2016-11-07,2016,11,November,Nov,2016-11,Q4,2016-Q4,45,7,Monday,Mon,False
2016-11-08,2016,11,November,Nov,2016-11,Q4,2016-Q4,45,8,Tuesday,Tue,False
2016-11-09,2016,11,November,Nov,2016-11,Q4,2016-Q4,45,9,Wednesday,Wed,False
2016-11-10,2016,11,November,Nov,2016-11,Q4,2016-Q4,45,10,Thursday,Thu,False
2016-11-11,2016,11,November,Nov,2016-11,Q4,2016-Q4,45,11,Friday,Fri,False
2016-11-12,2016,11,November,Nov,2016-11,Q4,2016-Q4,45,12,Saturday,Sat,True
2016-11-13,2016,11,November,Nov,2016-11,Q4,2016-Q4,45,13,Sunday,Sun,True
2016-11-14,2016,11,November,Nov,2016-11,Q4,2016-Q4,46,14,Monday,Mon,False
2016-11-15,2016,11,November,Nov,2016-11,Q4,2016-Q4,46,15,Tuesday,Tue,False
2016-11-16,2016,11,November,Nov,2016-11,Q4,2016-Q4,46,16,Wednesday,Wed,False
2016-11-17,2016,11,November,Nov,2016-11,Q4,2016-Q4,46,17,Thursday,Thu,False
2016-11-18,2016,11,November,Nov,2016-11,Q4,2016-Q4,46,18,Friday,Fri,False
2016-11-19,2016,11,November,Nov,2016-11,Q4,2016-Q4,46,19,Saturday,Sat,True
2016-11-20,2016,11,November,Nov,2016-11,Q4,2016-Q4,46,20,Sunday,Sun,True
2016-11-21,2016,11,November,Nov,2016-11,Q4,2016-Q4,47,21,Monday,Mon,False
2016-11-22,2016,11,November,Nov,2016-11,Q4,2016-Q4,47,22,Tuesday,Tue,False
2016-11-23,2016,11,November,Nov,2016-11,Q4,2016-Q4,47,23,Wednesday,Wed,False
2016-11-24,2016,11,November,Nov,2016-11,Q4,2016-Q4,47,24,Thursday,Thu,False
2016-11-25,2016,11,November,Nov,2016-11,Q4,2016-Q4,47,25,Friday,Fri,False
2016-11-26,2016,11,November,Nov,2016-11,Q4,2016-Q4,47,26,Saturday,Sat,True
2016-11-27,2016,11,November,Nov,2016-11,Q4,2016-Q4,47,27,Sunday,Sun,True
2016-11-28,2016,11,November,Nov,2016-11,Q4,2016-Q4,48,28,Monday,Mon,False
2016-11-29,2016,11,November,Nov,2016-11,Q4,2016-Q4,48,29,Tuesday,Tue,False
2016-11-30,2016,11,November,Nov,2016-11,Q4,2016-Q4,48,30,Wednesday,Wed,False
2016-12-01,2016,12,December,Dec,2016-12,Q4,2016-Q4,48,1,Thursday,Thu,False
2016-12-02,2016,12,December,Dec,2016-12,Q4,2016-Q4,48,2,Friday,Fri,False
2016-12-03,2016,12,December,Dec,2016-12,Q4,2016-Q4,48,3,Saturday,Sat,True
2016-12-04,2016,12,December,Dec,2016-12,Q4,2016-Q4,48,4,Sunday,Sun,True
2016-12-05,2016,12,December,Dec,2016-12,Q4,2016-Q4,49,5,Monday,Mon,False
2016-12-06,2016,12,December,Dec,2016-12,Q4,2016-Q4,49,6,Tuesday,Tue,False
2016-12-07,2016,12,December,Dec,2016-12,Q4,2016-Q4,49,7,Wednesday,Wed,False
2016-12-08,2016,12,December,Dec,2016-12,Q4,2016-Q4,49,8,Thursday,Thu,False
2016-12-09,2016,12,December,Dec,2016-12,Q4,2016-Q4,49,9,Friday,Fri,False
2016-12-10,2016,12,December,Dec,2016-12,Q4,2016-Q4,49,10,Saturday,Sat,True
2016-12-11,2016,12,December,Dec,2016-12,Q4,2016-Q4,49,11,Sunday,Sun,True
2016-12-12,2016,12,December,Dec,2016-12,Q4,2016-Q4,50,12,Monday,Mon,False
2016-12-13,2016,12,December,Dec,2016-12,Q4,2016-Q4,50,13,Tuesday,Tue,False
2016-12-14,2016,12,December,Dec,2016-12,Q4,2016-Q4,50,14,Wednesday,Wed,False
2016-12-15,2016,12,December,Dec,2016-12,Q4,2016-Q4,50,15,Thursday,Thu,False
2016-12-16,2016,12,December,Dec,2016-12,Q4,2016-Q4,50,16,Friday,Fri,False
2016-12-17,2016,12,December,Dec,2016-12,Q4,2016-Q4,50,17,Saturday,Sat,True
2016-12-18,2016,12,December,Dec,2016-12,Q4,2016-Q4,50,18,Sunday,Sun,True
2016-12-19,2016,12,December,Dec,2016-12,Q4,2016-Q4,51,19,Monday,Mon,False
2016-12-20,2016,12,December,Dec,2016-12,Q4,2016-Q4,51,20,Tuesday,Tue,False
2016-12-21,2016,12,December,Dec,2016-12,Q4,2016-Q4,51,21,Wednesday,Wed,False
2016-12-22,2016,12,December,Dec,2016-12,Q4,2016-Q4,51,22,Thursday,Thu,False
2016-12-23,2016,12,December,Dec,2016-12,Q4,2016-Q4,51,23,Friday,Fri,False
2016-12-24,2016,12,December,Dec,2016-12,Q4,2016-Q4,51,24,Saturday,Sat,True
2016-12-25,2016,12,December,Dec,2016-12,Q4,2016-Q4,51,25,Sunday,Sun,True
2016-12-26,2016,12,December,Dec,2016-12,Q4,2016-Q4,52,26,Monday,Mon,False
2016-12-27,2016,12,December,Dec,2016-12,Q4,2016-Q4,52,27,Tuesday,Tue,False
2016-12-28,2016,12,December,Dec,2016-12,Q4,2016-Q4,52,28,Wednesday,Wed,False
2016-12-29,2016,12,December,Dec,2016-12,Q4,2016-Q4,52,29,Thursday,Thu,False
2016-12-30,2016,12,December,Dec,2016-12,Q4,2016-Q4,52,30,Friday,Fri,False
2016-12-31,2016,12,December,Dec,2016-12,Q4,2016-Q4,52,31,Saturday,Sat,True
2017-01-01,2017,1,January,Jan,2017-01,Q1,2017-Q1,52,1,Sunday,Sun,True
2017-01-02,2017,1,January,Jan,2017-01,Q1,2017-Q1,1,2,Monday,Mon,False
2017-01-03,2017,1,January,Jan,2017-01,Q1,2017-Q1,1,3,Tuesday,Tue,False
2017-01-04,2017,1,January,Jan,2017-01,Q1,2017-Q1,1,4,Wednesday,Wed,False
2017-01-05,2017,1,January,Jan,2017-01,Q1,2017-Q1,1,5,Thursday,Thu,False
2017-01-06,2017,1,January,Jan,2017-01,Q1,2017-Q1,1,6,Friday,Fri,False
2017-01-07,2017,1,January,Jan,2017-01,Q1,2017-Q1,1,7,Saturday,Sat,True
2017-01-08,2017,1,January,Jan,2017-01,Q1,2017-Q1,1,8,Sunday,Sun,True
2017-01-09,2017,1,January,Jan,2017-01,Q1,2017-Q1,2,9,Monday,Mon,False
2017-01-10,2017,1,January,Jan,2017-01,Q1,2017-Q1,2,10,Tuesday,Tue,False
2017-01-11,2017,1,January,Jan,2017-01,Q1,2017-Q1,2,11,Wednesday,Wed,False
2017-01-12,2017,1,January,Jan,2017-01,Q1,2017-Q1,2,12,Thursday,Thu,False
2017-01-13,2017,1,January,Jan,2017-01,Q1,2017-Q1,2,13,Friday,Fri,False
2017-01-14,2017,1,January,Jan,2017-01,Q1,2017-Q1,2,14,Saturday,Sat,True
2017-01-15,2017,1,January,Jan,2017-01,Q1,2017-Q1,2,15,Sunday,Sun,True
2017-01-16,2017,1,January,Jan,2017-01,Q1,2017-Q1,3,16,Monday,Mon,False
2017-01-17,2017,1,January,Jan,2017-01,Q1,2017-Q1,3,17,Tuesday,Tue,False
2017-01-18,2017,1,January,Jan,2017-01,Q1,2017-Q1,3,18,Wednesday,Wed,False
2017-01-19,2017,1,January,Jan,2017-01,Q1,2017-Q1,3,19,Thursday,Thu,False
2017-01-20,2017,1,January,Jan,2017-01,Q1,2017-Q1,3,20,Friday,Fri,False
2017-01-21,2017,1,January,Jan,2017-01,Q1,2017-Q1,3,21,Saturday,Sat,True
2017-01-22,2017,1,January,Jan,2017-01,Q1,2017-Q1,3,22,Sunday,Sun,True
2017-01-23,2017,1,January,Jan,2017-01,Q1,2017-Q1,4,23,Monday,Mon,False
2017-01-24,2017,1,January,Jan,2017-01,Q1,2017-Q1,4,24,Tuesday,Tue,False
2017-01-25,2017,1,January,Jan,2017-01,Q1,2017-Q1,4,25,Wednesday,Wed,False
2017-01-26,2017,1,January,Jan,2017-01,Q1,2017-Q1,4,26,Thursday,Thu,False
2017-01-27,2017,1,January,Jan,2017-01,Q1,2017-Q1,4,27,Friday,Fri,False
2017-01-28,2017,1,January,Jan,2017-01,Q1,2017-Q1,4,28,Saturday,Sat,True
2017-01-29,2017,1,January,Jan,2017-01,Q1,2017-Q1,4,29,Sunday,Sun,True
2017-01-30,2017,1,January,Jan,2017-01,Q1,2017-Q1,5,30,Monday,Mon,False
2017-01-31,2017,1,January,Jan,2017-01,Q1,2017-Q1,5,31,Tuesday,Tue,False
2017-02-01,2017,2,February,Feb,2017-02,Q1,2017-Q1,5,1,Wednesday,Wed,False
2017-02-02,2017,2,February,Feb,2017-02,Q1,2017-Q1,5,2,Thursday,Thu,False
2017-02-03,2017,2,February,Feb,2017-02,Q1,2017-Q1,5,3,Friday,Fri,False
2017-02-04,2017,2,February,Feb,2017-02,Q1,2017-Q1,5,4,Saturday,Sat,True
2017-02-05,2017,2,February,Feb,2017-02,Q1,2017-Q1,5,5,Sunday,Sun,True
2017-02-06,2017,2,February,Feb,2017-02,Q1,2017-Q1,6,6,Monday,Mon,False
2017-02-07,2017,2,February,Feb,2017-02,Q1,2017-Q1,6,7,Tuesday,Tue,False
2017-02-08,2017,2,February,Feb,2017-02,Q1,2017-Q1,6,8,Wednesday,Wed,False
2017-02-09,2017,2,February,Feb,2017-02,Q1,2017-Q1,6,9,Thursday,Thu,False
2017-02-10,2017,2,February,Feb,2017-02,Q1,2017-Q1,6,10,Friday,Fri,False
2017-02-11,2017,2,February,Feb,2017-02,Q1,2017-Q1,6,11,Saturday,Sat,True
2017-02-12,2017,2,February,Feb,2017-02,Q1,2017-Q1,6,12,Sunday,Sun,True
2017-02-13,2017,2,February,Feb,2017-02,Q1,2017-Q1,7,13,Monday,Mon,False
2017-02-14,2017,2,February,Feb,2017-02,Q1,2017-Q1,7,14,Tuesday,Tue,False
2017-02-15,2017,2,February,Feb,2017-02,Q1,2017-Q1,7,15,Wednesday,Wed,False
2017-02-16,2017,2,February,Feb,2017-02,Q1,2017-Q1,7,16,Thursday,Thu,False
2017-02-17,2017,2,February,Feb,2017-02,Q1,2017-Q1,7,17,Friday,Fri,False
2017-02-18,2017,2,February,Feb,2017-02,Q1,2017-Q1,7,18,Saturday,Sat,True
2017-02-19,2017,2,February,Feb,2017-02,Q1,2017-Q1,7,19,Sunday,Sun,True
2017-02-20,2017,2,February,Feb,2017-02,Q1,2017-Q1,8,20,Monday,Mon,False
2017-02-21,2017,2,February,Feb,2017-02,Q1,2017-Q1,8,21,Tuesday,Tue,False
2017-02-22,2017,2,February,Feb,2017-02,Q1,2017-Q1,8,22,Wednesday,Wed,False
2017-02-23,2017,2,February,Feb,2017-02,Q1,2017-Q1,8,23,Thursday,Thu,False
2017-02-24,2017,2,February,Feb,2017-02,Q1,2017-Q1,8,24,Friday,Fri,False
2017-02-25,2017,2,February,Feb,2017-02,Q1,2017-Q1,8,25,Saturday,Sat,True
2017-02-26,2017,2,February,Feb,2017-02,Q1,2017-Q1,8,26,Sunday,Sun,True
2017-02-27,2017,2,February,Feb,2017-02,Q1,2017-Q1,9,27,Monday,Mon,False
2017-02-28,2017,2,February,Feb,2017-02,Q1,2017-Q1,9,28,Tuesday,Tue,False
2017-03-01,2017,3,March,Mar,2017-03,Q1,2017-Q1,9,1,Wednesday,Wed,False
2017-03-02,2017,3,March,Mar,2017-03,Q1,2017-Q1,9,2,Thursday,Thu,False
2017-03-03,2017,3,March,Mar,2017-03,Q1,2017-Q1,9,3,Friday,Fri,False
2017-03-04,2017,3,March,Mar,2017-03,Q1,2017-Q1,9,4,Saturday,Sat,True
2017-03-05,2017,3,March,Mar,2017-03,Q1,2017-Q1,9,5,Sunday,Sun,True
2017-03-06,2017,3,March,Mar,2017-03,Q1,2017-Q1,10,6,Monday,Mon,False
2017-03-07,2017,3,March,Mar,2017-03,Q1,2017-Q1,10,7,Tuesday,Tue,False
2017-03-08,2017,3,March,Mar,2017-03,Q1,2017-Q1,10,8,Wednesday,Wed,False
2017-03-09,2017,3,March,Mar,2017-03,Q1,2017-Q1,10,9,Thursday,Thu,False
2017-03-10,2017,3,March,Mar,2017-03,Q1,2017-Q1,10,10,Friday,Fri,False
2017-03-11,2017,3,March,Mar,2017-03,Q1,2017-Q1,10,11,Saturday,Sat,True
2017-03-12,2017,3,March,Mar,2017-03,Q1,2017-Q1,10,12,Sunday,Sun,True
2017-03-13,2017,3,March,Mar,2017-03,Q1,2017-Q1,11,13,Monday,Mon,False
2017-03-14,2017,3,March,Mar,2017-03,Q1,2017-Q1,11,14,Tuesday,Tue,False
2017-03-15,2017,3,March,Mar,2017-03,Q1,2017-Q1,11,15,Wednesday,Wed,False
2017-03-16,2017,3,March,Mar,2017-03,Q1,2017-Q1,11,16,Thursday,Thu,False
2017-03-17,2017,3,March,Mar,2017-03,Q1,2017-Q1,11,17,Friday,Fri,False
2017-03-18,2017,3,March,Mar,2017-03,Q1,2017-Q1,11,18,Saturday,Sat,True
2017-03-19,2017,3,March,Mar,2017-03,Q1,2017-Q1,11,19,Sunday,Sun,True
2017-03-20,2017,3,March,Mar,2017-03,Q1,2017-Q1,12,20,Monday,Mon,False
2017-03-21,2017,3,March,Mar,2017-03,Q1,2017-Q1,12,21,Tuesday,Tue,False
2017-03-22,2017,3,March,Mar,2017-03,Q1,2017-Q1,12,22,Wednesday,Wed,False
2017-03-23,2017,3,March,Mar,2017-03,Q1,2017-Q1,12,23,Thursday,Thu,False
2017-03-24,2017,3,March,Mar,2017-03,Q1,2017-Q1,12,24,Friday,Fri,False
2017-03-25,2017,3,March,Mar,2017-03,Q1,2017-Q1,12,25,Saturday,Sat,True
2017-03-26,2017,3,March,Mar,2017-03,Q1,2017-Q1,12,26,Sunday,Sun,True
2017-03-27,2017,3,March,Mar,2017-03,Q1,2017-Q1,13,27,Monday,Mon,False
2017-03-28,2017,3,March,Mar,2017-03,Q1,2017-Q1,13,28,Tuesday,Tue,False
2017-03-29,2017,3,March,Mar,2017-03,Q1,2017-Q1,13,29,Wednesday,Wed,False
2017-03-30,2017,3,March,Mar,2017-03,Q1,2017-Q1,13,30,Thursday,Thu,False
2017-03-31,2017,3,March,Mar,2017-03,Q1,2017-Q1,13,31,Friday,Fri,False
2017-04-01,2017,4,April,Apr,2017-04,Q2,2017-Q2,13,1,Saturday,Sat,True
2017-04-02,2017,4,April,Apr,2017-04,Q2,2017-Q2,13,2,Sunday,Sun,True
2017-04-03,2017,4,April,Apr,2017-04,Q2,2017-Q2,14,3,Monday,Mon,False
2017-04-04,2017,4,April,Apr,2017-04,Q2,2017-Q2,14,4,Tuesday,Tue,False
2017-04-05,2017,4,April,Apr,2017-04,Q2,2017-Q2,14,5,Wednesday,Wed,False
2017-04-06,2017,4,April,Apr,2017-04,Q2,2017-Q2,14,6,Thursday,Thu,False
2017-04-07,2017,4,April,Apr,2017-04,Q2,2017-Q2,14,7,Friday,Fri,False
2017-04-08,2017,4,April,Apr,2017-04,Q2,2017-Q2,14,8,Saturday,Sat,True
2017-04-09,2017,4,April,Apr,2017-04,Q2,2017-Q2,14,9,Sunday,Sun,True
2017-04-10,2017,4,April,Apr,2017-04,Q2,2017-Q2,15,10,Monday,Mon,False
2017-04-11,2017,4,April,Apr,2017-04,Q2,2017-Q2,15,11,Tuesday,Tue,False
2017-04-12,2017,4,April,Apr,2017-04,Q2,2017-Q2,15,12,Wednesday,Wed,False
2017-04-13,2017,4,April,Apr,2017-04,Q2,2017-Q2,15,13,Thursday,Thu,False
2017-04-14,2017,4,April,Apr,2017-04,Q2,2017-Q2,15,14,Friday,Fri,False
2017-04-15,2017,4,April,Apr,2017-04,Q2,2017-Q2,15,15,Saturday,Sat,True
2017-04-16,2017,4,April,Apr,2017-04,Q2,2017-Q2,15,16,Sunday,Sun,True
2017-04-17,2017,4,April,Apr,2017-04,Q2,2017-Q2,16,17,Monday,Mon,False
2017-04-18,2017,4,April,Apr,2017-04,Q2,2017-Q2,16,18,Tuesday,Tue,False
2017-04-19,2017,4,April,Apr,2017-04,Q2,2017-Q2,16,19,Wednesday,Wed,False
2017-04-20,2017,4,April,Apr,2017-04,Q2,2017-Q2,16,20,Thursday,Thu,False
2017-04-21,2017,4,April,Apr,2017-04,Q2,2017-Q2,16,21,Friday,Fri,False
2017-04-22,2017,4,April,Apr,2017-04,Q2,2017-Q2,16,22,Saturday,Sat,True
2017-04-23,2017,4,April,Apr,2017-04,Q2,2017-Q2,16,23,Sunday,Sun,True
2017-04-24,2017,4,April,Apr,2017-04,Q2,2017-Q2,17,24,Monday,Mon,False
2017-04-25,2017,4,April,Apr,2017-04,Q2,2017-Q2,17,25,Tuesday,Tue,False
2017-04-26,2017,4,April,Apr,2017-04,Q2,2017-Q2,17,26,Wednesday,Wed,False
2017-04-27,2017,4,April,Apr,2017-04,Q2,2017-Q2,17,27,Thursday,Thu,False
2017-04-28,2017,4,April,Apr,2017-04,Q2,2017-Q2,17,28,Friday,Fri,False
2017-04-29,2017,4,April,Apr,2017-04,Q2,2017-Q2,17,29,Saturday,Sat,True
2017-04-30,2017,4,April,Apr,2017-04,Q2,2017-Q2,17,30,Sunday,Sun,True
2017-05-01,2017,5,May,May,2017-05,Q2,2017-Q2,18,1,Monday,Mon,False
2017-05-02,2017,5,May,May,2017-05,Q2,2017-Q2,18,2,Tuesday,Tue,False
2017-05-03,2017,5,May,May,2017-05,Q2,2017-Q2,18,3,Wednesday,Wed,False
2017-05-04,2017,5,May,May,2017-05,Q2,2017-Q2,18,4,Thursday,Thu,False
2017-05-05,2017,5,May,May,2017-05,Q2,2017-Q2,18,5,Friday,Fri,False
2017-05-06,2017,5,May,May,2017-05,Q2,2017-Q2,18,6,Saturday,Sat,True
2017-05-07,2017,5,May,May,2017-05,Q2,2017-Q2,18,7,Sunday,Sun,True
2017-05-08,2017,5,May,May,2017-05,Q2,2017-Q2,19,8,Monday,Mon,False
2017-05-09,2017,5,May,May,2017-05,Q2,2017-Q2,19,9,Tuesday,Tue,False
2017-05-10,2017,5,May,May,2017-05,Q2,2017-Q2,19,10,Wednesday,Wed,False
2017-05-11,2017,5,May,May,2017-05,Q2,2017-Q2,19,11,Thursday,Thu,False
2017-05-12,2017,5,May,May,2017-05,Q2,2017-Q2,19,12,Friday,Fri,False
2017-05-13,2017,5,May,May,2017-05,Q2,2017-Q2,19,13,Saturday,Sat,True
2017-05-14,2017,5,May,May,2017-05,Q2,2017-Q2,19,14,Sunday,Sun,True
2017-05-15,2017,5,May,May,2017-05,Q2,2017-Q2,20,15,Monday,Mon,False
2017-05-16,2017,5,May,May,2017-05,Q2,2017-Q2,20,16,Tuesday,Tue,False
2017-05-17,2017,5,May,May,2017-05,Q2,2017-Q2,20,17,Wednesday,Wed,False
2017-05-18,2017,5,May,May,2017-05,Q2,2017-Q2,20,18,Thursday,Thu,False
2017-05-19,2017,5,May,May,2017-05,Q2,2017-Q2,20,19,Friday,Fri,False
2017-05-20,2017,5,May,May,2017-05,Q2,2017-Q2,20,20,Saturday,Sat,True
2017-05-21,2017,5,May,May,2017-05,Q2,2017-Q2,20,21,Sunday,Sun,True
2017-05-22,2017,5,May,May,2017-05,Q2,2017-Q2,21,22,Monday,Mon,False
2017-05-23,2017,5,May,May,2017-05,Q2,2017-Q2,21,23,Tuesday,Tue,False
2017-05-24,2017,5,May,May,2017-05,Q2,2017-Q2,21,24,Wednesday,Wed,False
2017-05-25,2017,5,May,May,2017-05,Q2,2017-Q2,21,25,Thursday,Thu,False
2017-05-26,2017,5,May,May,2017-05,Q2,2017-Q2,21,26,Friday,Fri,False
2017-05-27,2017,5,May,May,2017-05,Q2,2017-Q2,21,27,Saturday,Sat,True
2017-05-28,2017,5,May,May,2017-05,Q2,2017-Q2,21,28,Sunday,Sun,True
2017-05-29,2017,5,May,May,2017-05,Q2,2017-Q2,22,29,Monday,Mon,False
2017-05-30,2017,5,May,May,2017-05,Q2,2017-Q2,22,30,Tuesday,Tue,False
2017-05-31,2017,5,May,May,2017-05,Q2,2017-Q2,22,31,Wednesday,Wed,False
2017-06-01,2017,6,June,Jun,2017-06,Q2,2017-Q2,22,1,Thursday,Thu,False
2017-06-02,2017,6,June,Jun,2017-06,Q2,2017-Q2,22,2,Friday,Fri,False
2017-06-03,2017,6,June,Jun,2017-06,Q2,2017-Q2,22,3,Saturday,Sat,True
2017-06-04,2017,6,June,Jun,2017-06,Q2,2017-Q2,22,4,Sunday,Sun,True
2017-06-05,2017,6,June,Jun,2017-06,Q2,2017-Q2,23,5,Monday,Mon,False
2017-06-06,2017,6,June,Jun,2017-06,Q2,2017-Q2,23,6,Tuesday,Tue,False
2017-06-07,2017,6,June,Jun,2017-06,Q2,2017-Q2,23,7,Wednesday,Wed,False
2017-06-08,2017,6,June,Jun,2017-06,Q2,2017-Q2,23,8,Thursday,Thu,False
2017-06-09,2017,6,June,Jun,2017-06,Q2,2017-Q2,23,9,Friday,Fri,False
2017-06-10,2017,6,June,Jun,2017-06,Q2,2017-Q2,23,10,Saturday,Sat,True
2017-06-11,2017,6,June,Jun,2017-06,Q2,2017-Q2,23,11,Sunday,Sun,True
2017-06-12,2017,6,June,Jun,2017-06,Q2,2017-Q2,24,12,Monday,Mon,False
2017-06-13,2017,6,June,Jun,2017-06,Q2,2017-Q2,24,13,Tuesday,Tue,False
2017-06-14,2017,6,June,Jun,2017-06,Q2,2017-Q2,24,14,Wednesday,Wed,False
2017-06-15,2017,6,June,Jun,2017-06,Q2,2017-Q2,24,15,Thursday,Thu,False
2017-06-16,2017,6,June,Jun,2017-06,Q2,2017-Q2,24,16,Friday,Fri,False
2017-06-17,2017,6,June,Jun,2017-06,Q2,2017-Q2,24,17,Saturday,Sat,True
2017-06-18,2017,6,June,Jun,2017-06,Q2,2017-Q2,24,18,Sunday,Sun,True
2017-06-19,2017,6,June,Jun,2017-06,Q2,2017-Q2,25,19,Monday,Mon,False
2017-06-20,2017,6,June,Jun,2017-06,Q2,2017-Q2,25,20,Tuesday,Tue,False
2017-06-21,2017,6,June,Jun,2017-06,Q2,2017-Q2,25,21,Wednesday,Wed,False
2017-06-22,2017,6,June,Jun,2017-06,Q2,2017-Q2,25,22,Thursday,Thu,False
2017-06-23,2017,6,June,Jun,2017-06,Q2,2017-Q2,25,23,Friday,Fri,False
2017-06-24,2017,6,June,Jun,2017-06,Q2,2017-Q2,25,24,Saturday,Sat,True
2017-06-25,2017,6,June,Jun,2017-06,Q2,2017-Q2,25,25,Sunday,Sun,True
2017-06-26,2017,6,June,Jun,2017-06,Q2,2017-Q2,26,26,Monday,Mon,False
2017-06-27,2017,6,June,Jun,2017-06,Q2,2017-Q2,26,27,Tuesday,Tue,False
2017-06-28,2017,6,June,Jun,2017-06,Q2,2017-Q2,26,28,Wednesday,Wed,False
2017-06-29,2017,6,June,Jun,2017-06,Q2,2017-Q2,26,29,Thursday,Thu,False
2017-06-30,2017,6,June,Jun,2017-06,Q2,2017-Q2,26,30,Friday,Fri,False
2017-07-01,2017,7,July,Jul,2017-07,Q3,2017-Q3,26,1,Saturday,Sat,True
2017-07-02,2017,7,July,Jul,2017-07,Q3,2017-Q3,26,2,Sunday,Sun,True
2017-07-03,2017,7,July,Jul,2017-07,Q3,2017-Q3,27,3,Monday,Mon,False
2017-07-04,2017,7,July,Jul,2017-07,Q3,2017-Q3,27,4,Tuesday,Tue,False
2017-07-05,2017,7,July,Jul,2017-07,Q3,2017-Q3,27,5,Wednesday,Wed,False
2017-07-06,2017,7,July,Jul,2017-07,Q3,2017-Q3,27,6,Thursday,Thu,False
2017-07-07,2017,7,July,Jul,2017-07,Q3,2017-Q3,27,7,Friday,Fri,False
2017-07-08,2017,7,July,Jul,2017-07,Q3,2017-Q3,27,8,Saturday,Sat,True
2017-07-09,2017,7,July,Jul,2017-07,Q3,2017-Q3,27,9,Sunday,Sun,True
2017-07-10,2017,7,July,Jul,2017-07,Q3,2017-Q3,28,10,Monday,Mon,False
2017-07-11,2017,7,July,Jul,2017-07,Q3,2017-Q3,28,11,Tuesday,Tue,False
2017-07-12,2017,7,July,Jul,2017-07,Q3,2017-Q3,28,12,Wednesday,Wed,False
2017-07-13,2017,7,July,Jul,2017-07,Q3,2017-Q3,28,13,Thursday,Thu,False
2017-07-14,2017,7,July,Jul,2017-07,Q3,2017-Q3,28,14,Friday,Fri,False
2017-07-15,2017,7,July,Jul,2017-07,Q3,2017-Q3,28,15,Saturday,Sat,True
2017-07-16,2017,7,July,Jul,2017-07,Q3,2017-Q3,28,16,Sunday,Sun,True
2017-07-17,2017,7,July,Jul,2017-07,Q3,2017-Q3,29,17,Monday,Mon,False
2017-07-18,2017,7,July,Jul,2017-07,Q3,2017-Q3,29,18,Tuesday,Tue,False
2017-07-19,2017,7,July,Jul,2017-07,Q3,2017-Q3,29,19,Wednesday,Wed,False
2017-07-20,2017,7,July,Jul,2017-07,Q3,2017-Q3,29,20,Thursday,Thu,False
2017-07-21,2017,7,July,Jul,2017-07,Q3,2017-Q3,29,21,Friday,Fri,False
2017-07-22,2017,7,July,Jul,2017-07,Q3,2017-Q3,29,22,Saturday,Sat,True
2017-07-23,2017,7,July,Jul,2017-07,Q3,2017-Q3,29,23,Sunday,Sun,True
2017-07-24,2017,7,July,Jul,2017-07,Q3,2017-Q3,30,24,Monday,Mon,False
2017-07-25,2017,7,July,Jul,2017-07,Q3,2017-Q3,30,25,Tuesday,Tue,False
2017-07-26,2017,7,July,Jul,2017-07,Q3,2017-Q3,30,26,Wednesday,Wed,False
2017-07-27,2017,7,July,Jul,2017-07,Q3,2017-Q3,30,27,Thursday,Thu,False
2017-07-28,2017,7,July,Jul,2017-07,Q3,2017-Q3,30,28,Friday,Fri,False
2017-07-29,2017,7,July,Jul,2017-07,Q3,2017-Q3,30,29,Saturday,Sat,True
2017-07-30,2017,7,July,Jul,2017-07,Q3,2017-Q3,30,30,Sunday,Sun,True
2017-07-31,2017,7,July,Jul,2017-07,Q3,2017-Q3,31,31,Monday,Mon,False
2017-08-01,2017,8,August,Aug,2017-08,Q3,2017-Q3,31,1,Tuesday,Tue,False
2017-08-02,2017,8,August,Aug,2017-08,Q3,2017-Q3,31,2,Wednesday,Wed,False
2017-08-03,2017,8,August,Aug,2017-08,Q3,2017-Q3,31,3,Thursday,Thu,False
2017-08-04,2017,8,August,Aug,2017-08,Q3,2017-Q3,31,4,Friday,Fri,False
2017-08-05,2017,8,August,Aug,2017-08,Q3,2017-Q3,31,5,Saturday,Sat,True
2017-08-06,2017,8,August,Aug,2017-08,Q3,2017-Q3,31,6,Sunday,Sun,True
2017-08-07,2017,8,August,Aug,2017-08,Q3,2017-Q3,32,7,Monday,Mon,False
2017-08-08,2017,8,August,Aug,2017-08,Q3,2017-Q3,32,8,Tuesday,Tue,False
2017-08-09,2017,8,August,Aug,2017-08,Q3,2017-Q3,32,9,Wednesday,Wed,False
2017-08-10,2017,8,August,Aug,2017-08,Q3,2017-Q3,32,10,Thursday,Thu,False
2017-08-11,2017,8,August,Aug,2017-08,Q3,2017-Q3,32,11,Friday,Fri,False
2017-08-12,2017,8,August,Aug,2017-08,Q3,2017-Q3,32,12,Saturday,Sat,True
2017-08-13,2017,8,August,Aug,2017-08,Q3,2017-Q3,32,13,Sunday,Sun,True
2017-08-14,2017,8,August,Aug,2017-08,Q3,2017-Q3,33,14,Monday,Mon,False
2017-08-15,2017,8,August,Aug,2017-08,Q3,2017-Q3,33,15,Tuesday,Tue,False
2017-08-16,2017,8,August,Aug,2017-08,Q3,2017-Q3,33,16,Wednesday,Wed,False
2017-08-17,2017,8,August,Aug,2017-08,Q3,2017-Q3,33,17,Thursday,Thu,False
2017-08-18,2017,8,August,Aug,2017-08,Q3,2017-Q3,33,18,Friday,Fri,False
2017-08-19,2017,8,August,Aug,2017-08,Q3,2017-Q3,33,19,Saturday,Sat,True
2017-08-20,2017,8,August,Aug,2017-08,Q3,2017-Q3,33,20,Sunday,Sun,True
2017-08-21,2017,8,August,Aug,2017-08,Q3,2017-Q3,34,21,Monday,Mon,False
2017-08-22,2017,8,August,Aug,2017-08,Q3,2017-Q3,34,22,Tuesday,Tue,False
2017-08-23,2017,8,August,Aug,2017-08,Q3,2017-Q3,34,23,Wednesday,Wed,False
2017-08-24,2017,8,August,Aug,2017-08,Q3,2017-Q3,34,24,Thursday,Thu,False
2017-08-25,2017,8,August,Aug,2017-08,Q3,2017-Q3,34,25,Friday,Fri,False
2017-08-26,2017,8,August,Aug,2017-08,Q3,2017-Q3,34,26,Saturday,Sat,True
2017-08-27,2017,8,August,Aug,2017-08,Q3,2017-Q3,34,27,Sunday,Sun,True
2017-08-28,2017,8,August,Aug,2017-08,Q3,2017-Q3,35,28,Monday,Mon,False
2017-08-29,2017,8,August,Aug,2017-08,Q3,2017-Q3,35,29,Tuesday,Tue,False
2017-08-30,2017,8,August,Aug,2017-08,Q3,2017-Q3,35,30,Wednesday,Wed,False
2017-08-31,2017,8,August,Aug,2017-08,Q3,2017-Q3,35,31,Thursday,Thu,False
2017-09-01,2017,9,September,Sep,2017-09,Q3,2017-Q3,35,1,Friday,Fri,False
2017-09-02,2017,9,September,Sep,2017-09,Q3,2017-Q3,35,2,Saturday,Sat,True
2017-09-03,2017,9,September,Sep,2017-09,Q3,2017-Q3,35,3,Sunday,Sun,True
2017-09-04,2017,9,September,Sep,2017-09,Q3,2017-Q3,36,4,Monday,Mon,False
2017-09-05,2017,9,September,Sep,2017-09,Q3,2017-Q3,36,5,Tuesday,Tue,False
2017-09-06,2017,9,September,Sep,2017-09,Q3,2017-Q3,36,6,Wednesday,Wed,False
2017-09-07,2017,9,September,Sep,2017-09,Q3,2017-Q3,36,7,Thursday,Thu,False
2017-09-08,2017,9,September,Sep,2017-09,Q3,2017-Q3,36,8,Friday,Fri,False
2017-09-09,2017,9,September,Sep,2017-09,Q3,2017-Q3,36,9,Saturday,Sat,True
2017-09-10,2017,9,September,Sep,2017-09,Q3,2017-Q3,36,10,Sunday,Sun,True
2017-09-11,2017,9,September,Sep,2017-09,Q3,2017-Q3,37,11,Monday,Mon,False
2017-09-12,2017,9,September,Sep,2017-09,Q3,2017-Q3,37,12,Tuesday,Tue,False
2017-09-13,2017,9,September,Sep,2017-09,Q3,2017-Q3,37,13,Wednesday,Wed,False
2017-09-14,2017,9,September,Sep,2017-09,Q3,2017-Q3,37,14,Thursday,Thu,False
2017-09-15,2017,9,September,Sep,2017-09,Q3,2017-Q3,37,15,Friday,Fri,False
2017-09-16,2017,9,September,Sep,2017-09,Q3,2017-Q3,37,16,Saturday,Sat,True
2017-09-17,2017,9,September,Sep,2017-09,Q3,2017-Q3,37,17,Sunday,Sun,True
2017-09-18,2017,9,September,Sep,2017-09,Q3,2017-Q3,38,18,Monday,Mon,False
2017-09-19,2017,9,September,Sep,2017-09,Q3,2017-Q3,38,19,Tuesday,Tue,False
2017-09-20,2017,9,September,Sep,2017-09,Q3,2017-Q3,38,20,Wednesday,Wed,False
2017-09-21,2017,9,September,Sep,2017-09,Q3,2017-Q3,38,21,Thursday,Thu,False
2017-09-22,2017,9,September,Sep,2017-09,Q3,2017-Q3,38,22,Friday,Fri,False
2017-09-23,2017,9,September,Sep,2017-09,Q3,2017-Q3,38,23,Saturday,Sat,True
2017-09-24,2017,9,September,Sep,2017-09,Q3,2017-Q3,38,24,Sunday,Sun,True
2017-09-25,2017,9,September,Sep,2017-09,Q3,2017-Q3,39,25,Monday,Mon,False
2017-09-26,2017,9,September,Sep,2017-09,Q3,2017-Q3,39,26,Tuesday,Tue,False
2017-09-27,2017,9,September,Sep,2017-09,Q3,2017-Q3,39,27,Wednesday,Wed,False
2017-09-28,2017,9,September,Sep,2017-09,Q3,2017-Q3,39,28,Thursday,Thu,False
2017-09-29,2017,9,September,Sep,2017-09,Q3,2017-Q3,39,29,Friday,Fri,False
2017-09-30,2017,9,September,Sep,2017-09,Q3,2017-Q3,39,30,Saturday,Sat,True
2017-10-01,2017,10,October,Oct,2017-10,Q4,2017-Q4,39,1,Sunday,Sun,True
2017-10-02,2017,10,October,Oct,2017-10,Q4,2017-Q4,40,2,Monday,Mon,False
2017-10-03,2017,10,October,Oct,2017-10,Q4,2017-Q4,40,3,Tuesday,Tue,False
2017-10-04,2017,10,October,Oct,2017-10,Q4,2017-Q4,40,4,Wednesday,Wed,False
2017-10-05,2017,10,October,Oct,2017-10,Q4,2017-Q4,40,5,Thursday,Thu,False
2017-10-06,2017,10,October,Oct,2017-10,Q4,2017-Q4,40,6,Friday,Fri,False
2017-10-07,2017,10,October,Oct,2017-10,Q4,2017-Q4,40,7,Saturday,Sat,True
2017-10-08,2017,10,October,Oct,2017-10,Q4,2017-Q4,40,8,Sunday,Sun,True
2017-10-09,2017,10,October,Oct,2017-10,Q4,2017-Q4,41,9,Monday,Mon,False
2017-10-10,2017,10,October,Oct,2017-10,Q4,2017-Q4,41,10,Tuesday,Tue,False
2017-10-11,2017,10,October,Oct,2017-10,Q4,2017-Q4,41,11,Wednesday,Wed,False
2017-10-12,2017,10,October,Oct,2017-10,Q4,2017-Q4,41,12,Thursday,Thu,False
2017-10-13,2017,10,October,Oct,2017-10,Q4,2017-Q4,41,13,Friday,Fri,False
2017-10-14,2017,10,October,Oct,2017-10,Q4,2017-Q4,41,14,Saturday,Sat,True
2017-10-15,2017,10,October,Oct,2017-10,Q4,2017-Q4,41,15,Sunday,Sun,True
2017-10-16,2017,10,October,Oct,2017-10,Q4,2017-Q4,42,16,Monday,Mon,False
2017-10-17,2017,10,October,Oct,2017-10,Q4,2017-Q4,42,17,Tuesday,Tue,False
2017-10-18,2017,10,October,Oct,2017-10,Q4,2017-Q4,42,18,Wednesday,Wed,False
2017-10-19,2017,10,October,Oct,2017-10,Q4,2017-Q4,42,19,Thursday,Thu,False
2017-10-20,2017,10,October,Oct,2017-10,Q4,2017-Q4,42,20,Friday,Fri,False
2017-10-21,2017,10,October,Oct,2017-10,Q4,2017-Q4,42,21,Saturday,Sat,True
2017-10-22,2017,10,October,Oct,2017-10,Q4,2017-Q4,42,22,Sunday,Sun,True
2017-10-23,2017,10,October,Oct,2017-10,Q4,2017-Q4,43,23,Monday,Mon,False
2017-10-24,2017,10,October,Oct,2017-10,Q4,2017-Q4,43,24,Tuesday,Tue,False
2017-10-25,2017,10,October,Oct,2017-10,Q4,2017-Q4,43,25,Wednesday,Wed,False
2017-10-26,2017,10,October,Oct,2017-10,Q4,2017-Q4,43,26,Thursday,Thu,False
2017-10-27,2017,10,October,Oct,2017-10,Q4,2017-Q4,43,27,Friday,Fri,False
2017-10-28,2017,10,October,Oct,2017-10,Q4,2017-Q4,43,28,Saturday,Sat,True
2017-10-29,2017,10,October,Oct,2017-10,Q4,2017-Q4,43,29,Sunday,Sun,True
2017-10-30,2017,10,October,Oct,2017-10,Q4,2017-Q4,44,30,Monday,Mon,False
2017-10-31,2017,10,October,Oct,2017-10,Q4,2017-Q4,44,31,Tuesday,Tue,False
2017-11-01,2017,11,November,Nov,2017-11,Q4,2017-Q4,44,1,Wednesday,Wed,False
2017-11-02,2017,11,November,Nov,2017-11,Q4,2017-Q4,44,2,Thursday,Thu,False
2017-11-03,2017,11,November,Nov,2017-11,Q4,2017-Q4,44,3,Friday,Fri,False
2017-11-04,2017,11,November,Nov,2017-11,Q4,2017-Q4,44,4,Saturday,Sat,True
2017-11-05,2017,11,November,Nov,2017-11,Q4,2017-Q4,44,5,Sunday,Sun,True
2017-11-06,2017,11,November,Nov,2017-11,Q4,2017-Q4,45,6,Monday,Mon,False
2017-11-07,2017,11,November,Nov,2017-11,Q4,2017-Q4,45,7,Tuesday,Tue,False
2017-11-08,2017,11,November,Nov,2017-11,Q4,2017-Q4,45,8,Wednesday,Wed,False
2017-11-09,2017,11,November,Nov,2017-11,Q4,2017-Q4,45,9,Thursday,Thu,False
2017-11-10,2017,11,November,Nov,2017-11,Q4,2017-Q4,45,10,Friday,Fri,False
2017-11-11,2017,11,November,Nov,2017-11,Q4,2017-Q4,45,11,Saturday,Sat,True
2017-11-12,2017,11,November,Nov,2017-11,Q4,2017-Q4,45,12,Sunday,Sun,True
2017-11-13,2017,11,November,Nov,2017-11,Q4,2017-Q4,46,13,Monday,Mon,False
2017-11-14,2017,11,November,Nov,2017-11,Q4,2017-Q4,46,14,Tuesday,Tue,False
2017-11-15,2017,11,November,Nov,2017-11,Q4,2017-Q4,46,15,Wednesday,Wed,False
2017-11-16,2017,11,November,Nov,2017-11,Q4,2017-Q4,46,16,Thursday,Thu,False
2017-11-17,2017,11,November,Nov,2017-11,Q4,2017-Q4,46,17,Friday,Fri,False
2017-11-18,2017,11,November,Nov,2017-11,Q4,2017-Q4,46,18,Saturday,Sat,True
2017-11-19,2017,11,November,Nov,2017-11,Q4,2017-Q4,46,19,Sunday,Sun,True
2017-11-20,2017,11,November,Nov,2017-11,Q4,2017-Q4,47,20,Monday,Mon,False
2017-11-21,2017,11,November,Nov,2017-11,Q4,2017-Q4,47,21,Tuesday,Tue,False
2017-11-22,2017,11,November,Nov,2017-11,Q4,2017-Q4,47,22,Wednesday,Wed,False
2017-11-23,2017,11,November,Nov,2017-11,Q4,2017-Q4,47,23,Thursday,Thu,False
2017-11-24,2017,11,November,Nov,2017-11,Q4,2017-Q4,47,24,Friday,Fri,False
2017-11-25,2017,11,November,Nov,2017-11,Q4,2017-Q4,47,25,Saturday,Sat,True
2017-11-26,2017,11,November,Nov,2017-11,Q4,2017-Q4,47,26,Sunday,Sun,True
2017-11-27,2017,11,November,Nov,2017-11,Q4,2017-Q4,48,27,Monday,Mon,False
2017-11-28,2017,11,November,Nov,2017-11,Q4,2017-Q4,48,28,Tuesday,Tue,False
2017-11-29,2017,11,November,Nov,2017-11,Q4,2017-Q4,48,29,Wednesday,Wed,False
2017-11-30,2017,11,November,Nov,2017-11,Q4,2017-Q4,48,30,Thursday,Thu,False
2017-12-01,2017,12,December,Dec,2017-12,Q4,2017-Q4,48,1,Friday,Fri,False
2017-12-02,2017,12,December,Dec,2017-12,Q4,2017-Q4,48,2,Saturday,Sat,True
2017-12-03,2017,12,December,Dec,2017-12,Q4,2017-Q4,48,3,Sunday,Sun,True
2017-12-04,2017,12,December,Dec,2017-12,Q4,2017-Q4,49,4,Monday,Mon,False
2017-12-05,2017,12,December,Dec,2017-12,Q4,2017-Q4,49,5,Tuesday,Tue,False
2017-12-06,2017,12,December,Dec,2017-12,Q4,2017-Q4,49,6,Wednesday,Wed,False
2017-12-07,2017,12,December,Dec,2017-12,Q4,2017-Q4,49,7,Thursday,Thu,False
2017-12-08,2017,12,December,Dec,2017-12,Q4,2017-Q4,49,8,Friday,Fri,False
2017-12-09,2017,12,December,Dec,2017-12,Q4,2017-Q4,49,9,Saturday,Sat,True
2017-12-10,2017,12,December,Dec,2017-12,Q4,2017-Q4,49,10,Sunday,Sun,True
2017-12-11,2017,12,December,Dec,2017-12,Q4,2017-Q4,50,11,Monday,Mon,False
2017-12-12,2017,12,December,Dec,2017-12,Q4,2017-Q4,50,12,Tuesday,Tue,False
2017-12-13,2017,12,December,Dec,2017-12,Q4,2017-Q4,50,13,Wednesday,Wed,False
2017-12-14,2017,12,December,Dec,2017-12,Q4,2017-Q4,50,14,Thursday,Thu,False
2017-12-15,2017,12,December,Dec,2017-12,Q4,2017-Q4,50,15,Friday,Fri,False
2017-12-16,2017,12,December,Dec,2017-12,Q4,2017-Q4,50,16,Saturday,Sat,True
2017-12-17,2017,12,December,Dec,2017-12,Q4,2017-Q4,50,17,Sunday,Sun,True
2017-12-18,2017,12,December,Dec,2017-12,Q4,2017-Q4,51,18,Monday,Mon,False
2017-12-19,2017,12,December,Dec,2017-12,Q4,2017-Q4,51,19,Tuesday,Tue,False
2017-12-20,2017,12,December,Dec,2017-12,Q4,2017-Q4,51,20,Wednesday,Wed,False
2017-12-21,2017,12,December,Dec,2017-12,Q4,2017-Q4,51,21,Thursday,Thu,False
2017-12-22,2017,12,December,Dec,2017-12,Q4,2017-Q4,51,22,Friday,Fri,False
2017-12-23,2017,12,December,Dec,2017-12,Q4,2017-Q4,51,23,Saturday,Sat,True
2017-12-24,2017,12,December,Dec,2017-12,Q4,2017-Q4,51,24,Sunday,Sun,True
2017-12-25,2017,12,December,Dec,2017-12,Q4,2017-Q4,52,25,Monday,Mon,False
2017-12-26,2017,12,December,Dec,2017-12,Q4,2017-Q4,52,26,Tuesday,Tue,False
2017-12-27,2017,12,December,Dec,2017-12,Q4,2017-Q4,52,27,Wednesday,Wed,False
2017-12-28,2017,12,December,Dec,2017-12,Q4,2017-Q4,52,28,Thursday,Thu,False
2017-12-29,2017,12,December,Dec,2017-12,Q4,2017-Q4,52,29,Friday,Fri,False
2017-12-30,2017,12,December,Dec,2017-12,Q4,2017-Q4,52,30,Saturday,Sat,True
2017-12-31,2017,12,December,Dec,2017-12,Q4,2017-Q4,52,31,Sunday,Sun,True
2018-01-01,2018,1,January,Jan,2018-01,Q1,2018-Q1,1,1,Monday,Mon,False
2018-01-02,2018,1,January,Jan,2018-01,Q1,2018-Q1,1,2,Tuesday,Tue,False
2018-01-03,2018,1,January,Jan,2018-01,Q1,2018-Q1,1,3,Wednesday,Wed,False
2018-01-04,2018,1,January,Jan,2018-01,Q1,2018-Q1,1,4,Thursday,Thu,False
2018-01-05,2018,1,January,Jan,2018-01,Q1,2018-Q1,1,5,Friday,Fri,False
2018-01-06,2018,1,January,Jan,2018-01,Q1,2018-Q1,1,6,Saturday,Sat,True
2018-01-07,2018,1,January,Jan,2018-01,Q1,2018-Q1,1,7,Sunday,Sun,True
2018-01-08,2018,1,January,Jan,2018-01,Q1,2018-Q1,2,8,Monday,Mon,False
2018-01-09,2018,1,January,Jan,2018-01,Q1,2018-Q1,2,9,Tuesday,Tue,False
2018-01-10,2018,1,January,Jan,2018-01,Q1,2018-Q1,2,10,Wednesday,Wed,False
2018-01-11,2018,1,January,Jan,2018-01,Q1,2018-Q1,2,11,Thursday,Thu,False
2018-01-12,2018,1,January,Jan,2018-01,Q1,2018-Q1,2,12,Friday,Fri,False
2018-01-13,2018,1,January,Jan,2018-01,Q1,2018-Q1,2,13,Saturday,Sat,True
2018-01-14,2018,1,January,Jan,2018-01,Q1,2018-Q1,2,14,Sunday,Sun,True
2018-01-15,2018,1,January,Jan,2018-01,Q1,2018-Q1,3,15,Monday,Mon,False
2018-01-16,2018,1,January,Jan,2018-01,Q1,2018-Q1,3,16,Tuesday,Tue,False
2018-01-17,2018,1,January,Jan,2018-01,Q1,2018-Q1,3,17,Wednesday,Wed,False
2018-01-18,2018,1,January,Jan,2018-01,Q1,2018-Q1,3,18,Thursday,Thu,False
2018-01-19,2018,1,January,Jan,2018-01,Q1,2018-Q1,3,19,Friday,Fri,False
2018-01-20,2018,1,January,Jan,2018-01,Q1,2018-Q1,3,20,Saturday,Sat,True
2018-01-21,2018,1,January,Jan,2018-01,Q1,2018-Q1,3,21,Sunday,Sun,True
2018-01-22,2018,1,January,Jan,2018-01,Q1,2018-Q1,4,22,Monday,Mon,False
2018-01-23,2018,1,January,Jan,2018-01,Q1,2018-Q1,4,23,Tuesday,Tue,False
2018-01-24,2018,1,January,Jan,2018-01,Q1,2018-Q1,4,24,Wednesday,Wed,False
2018-01-25,2018,1,January,Jan,2018-01,Q1,2018-Q1,4,25,Thursday,Thu,False
2018-01-26,2018,1,January,Jan,2018-01,Q1,2018-Q1,4,26,Friday,Fri,False
2018-01-27,2018,1,January,Jan,2018-01,Q1,2018-Q1,4,27,Saturday,Sat,True
2018-01-28,2018,1,January,Jan,2018-01,Q1,2018-Q1,4,28,Sunday,Sun,True
2018-01-29,2018,1,January,Jan,2018-01,Q1,2018-Q1,5,29,Monday,Mon,False
2018-01-30,2018,1,January,Jan,2018-01,Q1,2018-Q1,5,30,Tuesday,Tue,False
2018-01-31,2018,1,January,Jan,2018-01,Q1,2018-Q1,5,31,Wednesday,Wed,False
